Customer_ID,Customer_Name,Customer_Email,Customer_Phone,Customer_Address
1086,Customer 200,customer.200.78@example.com,+1-652-572-9306,"275 Second St, Phoenix, USA"
1078,Customer 321,customer.321.13@sample.com,+1-311-186-5760,"478 Third St, New York, USA"
1077,Customer 989,customer.989.99@example.com,+1-922-606-9032,"843 Second St, Phoenix, USA"
1027,Customer 682,customer.682.66@demo.com,+1-237-853-5808,"153 Main St, Phoenix, USA"
1052,Customer 484,customer.484.3@sample.com,+1-986-360-9109,"264 Second St, New York, USA"
1074,Customer 483,customer.483.31@example.com,+1-775-800-3339,"629 Third St, Los Angeles, USA"
1061,Customer 757,customer.757.80@demo.com,+1-994-460-4335,"598 Main St, Los Angeles, USA"
1040,Customer 985,customer.985.31@demo.com,+1-995-296-7191,"387 Main St, Los Angeles, USA"
1014,Customer 795,customer.795.34@sample.com,+1-433-242-4481,"130 Third St, Los Angeles, USA"
1040,Customer 459,customer.459.35@demo.com,+1-896-264-5828,"526 Third St, Phoenix, USA"
1039,Customer 826,customer.826.85@demo.com,+1-833-316-1097,"420 Third St, Chicago, USA"
1080,Customer 116,customer.116.38@demo.com,+1-942-543-7496,"932 Second St, New York, USA"
1076,Customer 417,customer.417.51@example.com,+1-948-130-2697,"755 Park Ave, Phoenix, USA"
1097,Customer 367,customer.367.34@sample.com,+1-797-793-8108,"507 Main St, Houston, USA"
1070,Customer 233,customer.233.76@sample.com,+1-733-608-8796,"671 Second St, New York, USA"
1099,Customer 191,customer.191.31@sample.com,+1-667-172-9201,"725 Second St, Houston, USA"
1056,Customer 891,customer.891.33@example.com,+1-127-659-4236,"482 Park Ave, New York, USA"
1021,Customer 770,customer.770.4@example.com,+1-149-843-8592,"886 Third St, New York, USA"
1036,Customer 387,customer.387.11@sample.com,+1-887-241-5885,"606 Fourth St, Los Angeles, USA"
1099,Customer 641,customer.641.70@demo.com,+1-939-202-2164,"250 Park Ave, Phoenix, USA"
1020,Customer 278,customer.278.41@demo.com,+1-947-594-3025,"640 Fourth St, Los Angeles, USA"
1096,Customer 649,customer.649.29@demo.com,+1-493-921-4569,"670 Fourth St, Los Angeles, USA"
1046,Customer 599,customer.599.44@example.com,+1-463-466-2658,"9 Park Ave, Los Angeles, USA"
1026,Customer 516,customer.516.6@demo.com,+1-947-615-3413,"721 Park Ave, Los Angeles, USA"
1018,Customer 871,customer.871.19@sample.com,+1-390-268-7586,"185 Third St, New York, USA"
1062,Customer 46,customer.46.98@sample.com,+1-487-321-1989,"522 Park Ave, Los Angeles, USA"
1053,Customer 481,customer.481.48@sample.com,+1-128-201-1615,"634 Fourth St, Houston, USA"
1100,Customer 671,customer.671.44@sample.com,+1-883-343-7369,"226 Third St, Houston, USA"
1025,Customer 744,customer.744.48@sample.com,+1-563-455-7993,"27 Main St, Phoenix, USA"
1006,Customer 375,customer.375.58@sample.com,+1-835-279-8349,"215 Main St, Houston, USA"
1054,Customer 717,customer.717.83@sample.com,+1-925-588-8548,"784 Second St, Los Angeles, USA"
1005,Customer 136,customer.136.62@sample.com,+1-296-124-1713,"378 Fourth St, Los Angeles, USA"
1036,Customer 166,customer.166.17@demo.com,+1-146-441-8409,"130 Fourth St, Phoenix, USA"
1081,Customer 651,customer.651.72@example.com,+1-151-114-4395,"679 Second St, New York, USA"
1012,Customer 779,customer.779.96@sample.com,+1-222-424-8848,"668 Main St, Chicago, USA"
1004,Customer 902,customer.902.21@sample.com,+1-255-592-9077,"844 Park Ave, Chicago, USA"
1070,Customer 228,customer.228.51@example.com,+1-985-266-8915,"238 Third St, New York, USA"
1074,Customer 34,customer.34.53@sample.com,+1-590-575-8430,"174 Second St, Los Angeles, USA"
1007,Customer 612,customer.612.65@sample.com,+1-353-498-3172,"529 Second St, Houston, USA"
1070,Customer 234,customer.234.55@demo.com,+1-195-845-9770,"522 Third St, Los Angeles, USA"
1092,Customer 50,customer.50.82@example.com,+1-820-771-8159,"917 Main St, New York, USA"
1085,Customer 8,customer.8.54@example.com,+1-732-418-8559,"599 Fourth St, Los Angeles, USA"
1064,Customer 330,customer.330.49@demo.com,+1-864-296-9833,"733 Fourth St, New York, USA"
1040,Customer 822,customer.822.39@example.com,+1-805-721-3113,"786 Second St, New York, USA"
1082,Customer 804,customer.804.74@demo.com,+1-773-703-7143,"358 Park Ave, Los Angeles, USA"
1048,Customer 875,customer.875.23@example.com,+1-495-388-2235,"470 Main St, Phoenix, USA"
1003,Customer 932,customer.932.26@demo.com,+1-807-302-5142,"993 Fourth St, New York, USA"
1011,Customer 336,customer.336.80@sample.com,+1-526-586-7347,"37 Third St, Phoenix, USA"
1049,Customer 881,customer.881.52@example.com,+1-431-747-1862,"540 Third St, Phoenix, USA"
1075,Customer 322,customer.322.9@sample.com,+1-961-798-7940,"458 Third St, Los Angeles, USA"
1062,Customer 980,customer.980.76@example.com,+1-543-780-8216,"542 Second St, Chicago, USA"
1070,Customer 374,customer.374.50@example.com,+1-851-236-5862,"492 Park Ave, Houston, USA"
1026,Customer 54,customer.54.13@demo.com,+1-464-770-4865,"804 Park Ave, Houston, USA"
1097,Customer 997,customer.997.48@example.com,+1-559-227-1716,"646 Main St, Houston, USA"
1099,Customer 169,customer.169.50@sample.com,+1-913-160-3211,"87 Third St, New York, USA"
1069,Customer 427,customer.427.12@example.com,+1-620-133-5323,"498 Second St, Chicago, USA"
1059,Customer 801,customer.801.8@sample.com,+1-854-646-4405,"642 Main St, New York, USA"
1008,Customer 592,customer.592.37@sample.com,+1-641-491-3279,"781 Main St, Los Angeles, USA"
1062,Customer 764,customer.764.39@example.com,+1-407-543-3473,"638 Third St, Los Angeles, USA"
1093,Customer 853,customer.853.89@example.com,+1-847-925-2586,"88 Park Ave, Chicago, USA"
1018,Customer 211,customer.211.80@sample.com,+1-484-982-1064,"946 Third St, Phoenix, USA"
1038,Customer 493,customer.493.68@demo.com,+1-729-976-2630,"815 Second St, Phoenix, USA"
1017,Customer 930,customer.930.18@sample.com,+1-801-262-3640,"804 Fourth St, Phoenix, USA"
1005,Customer 916,customer.916.33@example.com,+1-654-553-1662,"657 Main St, Phoenix, USA"
1002,Customer 701,customer.701.52@sample.com,+1-325-284-4011,"337 Third St, New York, USA"
1052,Customer 88,customer.88.83@sample.com,+1-804-498-6465,"495 Park Ave, Chicago, USA"
1073,Customer 937,customer.937.86@sample.com,+1-835-362-2449,"387 Main St, Phoenix, USA"
1097,Customer 364,customer.364.83@example.com,+1-544-186-9116,"38 Second St, Houston, USA"
1059,Customer 885,customer.885.69@example.com,+1-704-232-2162,"69 Third St, Phoenix, USA"
1011,Customer 462,customer.462.3@demo.com,+1-151-228-6254,"975 Second St, New York, USA"
1040,Customer 301,customer.301.25@sample.com,+1-891-187-2649,"795 Second St, Chicago, USA"
1037,Customer 886,customer.886.11@sample.com,+1-768-592-1846,"758 Fourth St, Chicago, USA"
1061,Customer 528,customer.528.24@example.com,+1-301-219-8979,"995 Park Ave, Phoenix, USA"
1083,Customer 569,customer.569.27@demo.com,+1-113-958-3293,"564 Main St, Phoenix, USA"
1016,Customer 787,customer.787.40@demo.com,+1-568-209-7496,"524 Fourth St, Los Angeles, USA"
1047,Customer 762,customer.762.21@demo.com,+1-429-969-5858,"451 Main St, Los Angeles, USA"
1008,Customer 120,customer.120.92@example.com,+1-214-150-6488,"796 Third St, New York, USA"
1023,Customer 614,customer.614.58@sample.com,+1-661-704-3939,"542 Third St, Chicago, USA"
1068,Customer 938,customer.938.79@sample.com,+1-265-791-9619,"358 Third St, Houston, USA"
1041,Customer 460,customer.460.60@demo.com,+1-680-920-9315,"930 Main St, Phoenix, USA"
1083,Customer 217,customer.217.51@demo.com,+1-562-685-5470,"723 Park Ave, Phoenix, USA"
1063,Customer 10,customer.10.74@demo.com,+1-387-912-7521,"443 Fourth St, Phoenix, USA"
1095,Customer 51,customer.51.59@example.com,+1-507-618-1268,"440 Main St, Phoenix, USA"
1098,Customer 688,customer.688.28@demo.com,+1-443-596-4484,"233 Second St, Chicago, USA"
1055,Customer 243,customer.243.94@sample.com,+1-408-477-9327,"849 Third St, Los Angeles, USA"
1079,Customer 961,customer.961.33@sample.com,+1-926-340-5318,"973 Fourth St, Los Angeles, USA"
1075,Customer 265,customer.265.28@demo.com,+1-196-246-8349,"351 Second St, Houston, USA"
1086,Customer 525,customer.525.44@demo.com,+1-614-306-1947,"371 Park Ave, Los Angeles, USA"
1018,Customer 967,customer.967.96@sample.com,+1-367-225-4749,"716 Third St, Chicago, USA"
1003,Customer 245,customer.245.88@sample.com,+1-913-641-5221,"880 Third St, Los Angeles, USA"
1026,Customer 346,customer.346.24@example.com,+1-862-232-7755,"4 Fourth St, Phoenix, USA"
1057,Customer 390,customer.390.49@sample.com,+1-619-697-8512,"839 Third St, Houston, USA"
1051,Customer 133,customer.133.4@example.com,+1-216-557-3021,"144 Second St, Los Angeles, USA"
1056,Customer 159,customer.159.18@demo.com,+1-548-230-8512,"50 Third St, New York, USA"
1051,Customer 378,customer.378.54@sample.com,+1-270-683-5786,"666 Park Ave, Houston, USA"
1078,Customer 458,customer.458.57@sample.com,+1-837-459-5864,"906 Second St, New York, USA"
1009,Customer 653,customer.653.25@demo.com,+1-795-971-9198,"894 Park Ave, Los Angeles, USA"
1025,Customer 831,customer.831.50@sample.com,+1-199-989-3623,"599 Second St, New York, USA"
1020,Customer 626,customer.626.19@demo.com,+1-468-932-1348,"522 Second St, Chicago, USA"
1038,Customer 431,customer.431.48@sample.com,+1-860-627-3122,"420 Main St, Houston, USA"
1099,Customer 923,customer.923.16@example.com,+1-350-990-3483,"256 Third St, New York, USA"
1095,Customer 315,customer.315.81@sample.com,+1-242-161-2154,"961 Main St, Houston, USA"
1092,Customer 526,customer.526.48@sample.com,+1-493-120-2828,"378 Park Ave, Chicago, USA"
1070,Customer 667,customer.667.55@sample.com,+1-753-530-2933,"738 Third St, Phoenix, USA"
1024,Customer 311,customer.311.1@example.com,+1-135-946-5517,"691 Fourth St, Phoenix, USA"
1011,Customer 627,customer.627.71@sample.com,+1-605-742-5333,"370 Fourth St, Chicago, USA"
1054,Customer 908,customer.908.1@demo.com,+1-723-210-9775,"302 Main St, Houston, USA"
1047,Customer 553,customer.553.92@sample.com,+1-189-690-8607,"108 Park Ave, New York, USA"
1033,Customer 724,customer.724.84@demo.com,+1-615-833-2985,"754 Fourth St, Los Angeles, USA"
1034,Customer 498,customer.498.37@sample.com,+1-807-278-6167,"970 Fourth St, Houston, USA"
1022,Customer 331,customer.331.58@example.com,+1-342-923-1723,"915 Main St, Houston, USA"
1004,Customer 45,customer.45.38@example.com,+1-969-186-9125,"50 Fourth St, New York, USA"
1035,Customer 327,customer.327.14@sample.com,+1-229-391-3959,"62 Third St, Los Angeles, USA"
1092,Customer 555,customer.555.8@demo.com,+1-407-201-6412,"656 Park Ave, Chicago, USA"
1003,Customer 565,customer.565.70@demo.com,+1-314-409-8549,"30 Fourth St, New York, USA"
1092,Customer 574,customer.574.31@example.com,+1-458-819-4187,"66 Park Ave, Los Angeles, USA"
1039,Customer 890,customer.890.24@sample.com,+1-118-660-1471,"873 Fourth St, New York, USA"
1068,Customer 449,customer.449.63@demo.com,+1-603-184-1930,"87 Main St, Houston, USA"
1070,Customer 509,customer.509.65@demo.com,+1-727-235-9468,"133 Third St, Los Angeles, USA"
1073,Customer 735,customer.735.66@sample.com,+1-405-971-6710,"457 Second St, Chicago, USA"
1031,Customer 684,customer.684.14@example.com,+1-679-283-4266,"423 Main St, New York, USA"
1014,Customer 71,customer.71.90@example.com,+1-339-315-1176,"652 Main St, Los Angeles, USA"
1062,Customer 730,customer.730.7@sample.com,+1-236-346-9632,"389 Main St, Chicago, USA"
1025,Customer 124,customer.124.57@example.com,+1-778-534-3824,"374 Third St, Phoenix, USA"
1088,Customer 931,customer.931.35@demo.com,+1-269-400-3421,"344 Main St, Phoenix, USA"
1088,Customer 882,customer.882.42@demo.com,+1-531-295-4795,"687 Main St, Los Angeles, USA"
1047,Customer 624,customer.624.56@demo.com,+1-546-713-3866,"108 Third St, Chicago, USA"
1030,Customer 546,customer.546.11@sample.com,+1-559-988-3968,"36 Second St, New York, USA"
1059,Customer 755,customer.755.93@demo.com,+1-275-528-2910,"162 Park Ave, Chicago, USA"
1092,Customer 591,customer.591.72@example.com,+1-359-186-4903,"474 Second St, Chicago, USA"
1033,Customer 990,customer.990.19@example.com,+1-900-267-4042,"559 Third St, New York, USA"
1004,Customer 122,customer.122.83@demo.com,+1-987-949-8980,"678 Fourth St, Phoenix, USA"
1037,Customer 873,customer.873.97@sample.com,+1-854-926-9148,"335 Fourth St, Houston, USA"
1060,Customer 620,customer.620.14@demo.com,+1-976-679-8537,"519 Second St, Los Angeles, USA"
1039,Customer 372,customer.372.83@example.com,+1-912-880-2178,"943 Second St, Los Angeles, USA"
1072,Customer 354,customer.354.91@demo.com,+1-784-434-4283,"266 Third St, New York, USA"
1092,Customer 697,customer.697.81@demo.com,+1-963-846-4598,"54 Main St, New York, USA"
1093,Customer 829,customer.829.83@demo.com,+1-662-557-3223,"400 Third St, Chicago, USA"
1088,Customer 583,customer.583.85@demo.com,+1-429-757-3669,"533 Fourth St, Houston, USA"
1067,Customer 125,customer.125.73@example.com,+1-326-762-5363,"67 Second St, Houston, USA"
1027,Customer 128,customer.128.97@example.com,+1-944-139-1181,"886 Main St, Los Angeles, USA"
1061,Customer 887,customer.887.91@demo.com,+1-169-915-4086,"621 Main St, New York, USA"
1017,Customer 789,customer.789.68@demo.com,+1-981-513-5797,"304 Fourth St, Los Angeles, USA"
1021,Customer 709,customer.709.65@sample.com,+1-896-732-5441,"228 Third St, Chicago, USA"
1085,Customer 70,customer.70.20@example.com,+1-527-450-8275,"241 Fourth St, New York, USA"
1036,Customer 618,customer.618.1@sample.com,+1-288-923-8084,"968 Park Ave, Houston, USA"
1057,Customer 262,customer.262.51@example.com,+1-771-319-9548,"906 Main St, Los Angeles, USA"
1027,Customer 426,customer.426.51@demo.com,+1-841-863-1248,"719 Third St, Houston, USA"
1082,Customer 777,customer.777.78@example.com,+1-361-392-2793,"868 Fourth St, Houston, USA"
1042,Customer 840,customer.840.90@demo.com,+1-470-356-2720,"27 Park Ave, Houston, USA"
1032,Customer 48,customer.48.64@example.com,+1-539-274-7023,"427 Third St, New York, USA"
1035,Customer 594,customer.594.80@demo.com,+1-370-188-9657,"548 Main St, New York, USA"
1014,Customer 605,customer.605.99@example.com,+1-235-504-4024,"202 Second St, New York, USA"
1072,Customer 379,customer.379.32@sample.com,+1-269-258-7590,"535 Second St, Phoenix, USA"
1024,Customer 643,customer.643.72@example.com,+1-979-609-9858,"71 Fourth St, Houston, USA"
1085,Customer 518,customer.518.46@sample.com,+1-812-485-9464,"869 Third St, New York, USA"
1081,Customer 976,customer.976.95@example.com,+1-675-978-1449,"784 Third St, Phoenix, USA"
1012,Customer 884,customer.884.69@example.com,+1-301-974-6849,"634 Main St, Los Angeles, USA"
1001,Customer 472,customer.472.57@example.com,+1-150-546-8437,"554 Third St, New York, USA"
1037,Customer 969,customer.969.2@demo.com,+1-787-166-8055,"318 Second St, Chicago, USA"
1036,Customer 706,customer.706.58@sample.com,+1-914-187-6182,"277 Second St, Los Angeles, USA"
1087,Customer 630,customer.630.61@sample.com,+1-300-241-9086,"905 Main St, New York, USA"
1085,Customer 38,customer.38.10@demo.com,+1-394-534-7731,"596 Park Ave, Los Angeles, USA"
1021,Customer 135,customer.135.23@example.com,+1-333-474-6969,"692 Park Ave, Los Angeles, USA"
1070,Customer 774,customer.774.32@sample.com,+1-914-436-1891,"256 Fourth St, Los Angeles, USA"
1090,Customer 152,customer.152.54@example.com,+1-792-763-7723,"605 Second St, Houston, USA"
1071,Customer 507,customer.507.63@example.com,+1-672-408-2561,"308 Fourth St, Los Angeles, USA"
1034,Customer 107,customer.107.42@sample.com,+1-746-389-8711,"186 Second St, Chicago, USA"
1006,Customer 23,customer.23.93@demo.com,+1-227-436-3995,"864 Park Ave, Houston, USA"
1084,Customer 522,customer.522.9@sample.com,+1-410-511-9933,"30 Park Ave, Chicago, USA"
1078,Customer 369,customer.369.18@sample.com,+1-817-753-2466,"410 Second St, Houston, USA"
1063,Customer 527,customer.527.6@example.com,+1-626-442-7861,"267 Park Ave, Houston, USA"
1005,Customer 413,customer.413.64@sample.com,+1-266-491-8804,"951 Fourth St, Los Angeles, USA"
1051,Customer 704,customer.704.43@example.com,+1-365-751-6917,"272 Main St, Phoenix, USA"
1077,Customer 111,customer.111.88@demo.com,+1-595-870-1248,"554 Second St, Los Angeles, USA"
1070,Customer 968,customer.968.14@sample.com,+1-653-991-3503,"178 Second St, Houston, USA"
1012,Customer 438,customer.438.67@demo.com,+1-320-461-2104,"732 Third St, Chicago, USA"
1065,Customer 876,customer.876.41@demo.com,+1-788-120-5411,"738 Fourth St, New York, USA"
1024,Customer 242,customer.242.30@demo.com,+1-140-963-6892,"184 Third St, New York, USA"
1004,Customer 256,customer.256.95@example.com,+1-452-490-1347,"532 Second St, Los Angeles, USA"
1067,Customer 943,customer.943.29@demo.com,+1-142-341-2577,"650 Third St, Los Angeles, USA"
1013,Customer 844,customer.844.62@sample.com,+1-155-840-9273,"597 Second St, Houston, USA"
1052,Customer 221,customer.221.83@sample.com,+1-637-829-2416,"496 Fourth St, New York, USA"
1078,Customer 179,customer.179.3@demo.com,+1-148-166-3076,"263 Main St, Houston, USA"
1032,Customer 933,customer.933.85@example.com,+1-562-769-5503,"701 Park Ave, Phoenix, USA"
1049,Customer 543,customer.543.18@demo.com,+1-158-537-6547,"368 Park Ave, Phoenix, USA"
1007,Customer 377,customer.377.49@demo.com,+1-296-625-2292,"214 Second St, Houston, USA"
1087,Customer 584,customer.584.76@example.com,+1-375-821-6717,"862 Park Ave, Houston, USA"
1089,Customer 443,customer.443.70@sample.com,+1-339-460-9898,"29 Park Ave, Los Angeles, USA"
1037,Customer 286,customer.286.39@sample.com,+1-338-971-3500,"995 Main St, Los Angeles, USA"
1099,Customer 815,customer.815.16@sample.com,+1-977-840-3993,"839 Fourth St, Los Angeles, USA"
1093,Customer 803,customer.803.61@demo.com,+1-116-325-6848,"891 Second St, New York, USA"
1021,Customer 478,customer.478.69@example.com,+1-628-784-5045,"6 Fourth St, Houston, USA"
1038,Customer 962,customer.962.97@demo.com,+1-847-764-1467,"977 Park Ave, Houston, USA"
1004,Customer 235,customer.235.73@demo.com,+1-987-317-9464,"819 Fourth St, Chicago, USA"
1045,Customer 693,customer.693.24@sample.com,+1-360-222-5326,"420 Third St, Houston, USA"
1090,Customer 966,customer.966.54@example.com,+1-473-753-2486,"257 Park Ave, New York, USA"
1098,Customer 940,customer.940.35@demo.com,+1-963-206-5049,"72 Park Ave, Chicago, USA"
1052,Customer 170,customer.170.40@demo.com,+1-624-371-7276,"669 Main St, New York, USA"
1068,Customer 883,customer.883.68@demo.com,+1-608-546-1527,"539 Third St, Phoenix, USA"
1030,Customer 842,customer.842.13@demo.com,+1-147-698-3066,"490 Main St, New York, USA"
1006,Customer 108,customer.108.9@sample.com,+1-984-138-1938,"640 Third St, New York, USA"
1097,Customer 571,customer.571.72@demo.com,+1-133-118-5073,"225 Park Ave, Los Angeles, USA"
1052,Customer 901,customer.901.6@sample.com,+1-271-185-6305,"628 Fourth St, Phoenix, USA"
1065,Customer 3,customer.3.40@demo.com,+1-875-173-8583,"615 Main St, Chicago, USA"
1059,Customer 585,customer.585.39@sample.com,+1-655-181-9022,"567 Second St, Houston, USA"
1049,Customer 756,customer.756.18@sample.com,+1-832-541-5609,"233 Park Ave, New York, USA"
1056,Customer 226,customer.226.17@demo.com,+1-467-150-4969,"833 Park Ave, New York, USA"
1040,Customer 476,customer.476.98@sample.com,+1-964-985-9066,"277 Main St, Los Angeles, USA"
1044,Customer 754,customer.754.48@example.com,+1-841-605-8143,"791 Park Ave, Phoenix, USA"
1002,Customer 622,customer.622.43@demo.com,+1-536-306-1543,"433 Third St, Chicago, USA"
1081,Customer 95,customer.95.90@example.com,+1-506-206-5268,"480 Main St, New York, USA"
1098,Customer 949,customer.949.67@demo.com,+1-444-859-6828,"258 Third St, Chicago, USA"
1086,Customer 793,customer.793.71@demo.com,+1-131-747-9951,"201 Third St, Houston, USA"
1079,Customer 878,customer.878.31@example.com,+1-222-973-4683,"181 Fourth St, Phoenix, USA"
1028,Customer 973,customer.973.8@example.com,+1-117-914-5509,"959 Second St, Phoenix, USA"
1042,Customer 836,customer.836.33@sample.com,+1-488-180-5497,"483 Main St, New York, USA"
1008,Customer 579,customer.579.49@example.com,+1-242-131-5364,"459 Fourth St, Chicago, USA"
1087,Customer 648,customer.648.5@sample.com,+1-968-116-6413,"849 Third St, Los Angeles, USA"
1065,Customer 60,customer.60.80@sample.com,+1-715-728-7613,"989 Second St, Los Angeles, USA"
1051,Customer 371,customer.371.32@sample.com,+1-683-387-5426,"473 Second St, Phoenix, USA"
1055,Customer 564,customer.564.64@sample.com,+1-898-822-4091,"255 Fourth St, New York, USA"
1064,Customer 193,customer.193.23@sample.com,+1-786-612-4037,"763 Second St, Chicago, USA"
1005,Customer 956,customer.956.10@demo.com,+1-389-902-9425,"241 Third St, Houston, USA"
1081,Customer 650,customer.650.98@example.com,+1-318-333-2925,"595 Fourth St, Phoenix, USA"
1034,Customer 674,customer.674.23@example.com,+1-480-724-6171,"701 Fourth St, Phoenix, USA"
1026,Customer 791,customer.791.84@demo.com,+1-821-397-4354,"511 Fourth St, Chicago, USA"
1081,Customer 729,customer.729.2@example.com,+1-445-731-3945,"100 Main St, Chicago, USA"
1094,Customer 750,customer.750.78@sample.com,+1-942-195-9036,"946 Second St, Houston, USA"
1047,Customer 67,customer.67.85@example.com,+1-424-766-6718,"793 Fourth St, New York, USA"
1087,Customer 679,customer.679.83@sample.com,+1-105-341-1978,"981 Second St, New York, USA"
1053,Customer 690,customer.690.52@example.com,+1-788-556-7844,"557 Third St, Chicago, USA"
1043,Customer 742,customer.742.67@sample.com,+1-294-368-4090,"764 Fourth St, Phoenix, USA"
1065,Customer 863,customer.863.16@example.com,+1-292-780-1915,"487 Park Ave, New York, USA"
1057,Customer 855,customer.855.97@demo.com,+1-943-350-8975,"589 Third St, Chicago, USA"
1072,Customer 433,customer.433.25@demo.com,+1-173-353-4089,"33 Park Ave, Phoenix, USA"
1022,Customer 141,customer.141.22@example.com,+1-918-690-1443,"825 Second St, New York, USA"
1030,Customer 859,customer.859.76@demo.com,+1-581-949-6073,"668 Second St, Los Angeles, USA"
1090,Customer 147,customer.147.83@sample.com,+1-683-318-3953,"574 Park Ave, Phoenix, USA"
1025,Customer 860,customer.860.54@demo.com,+1-613-420-6416,"358 Park Ave, Los Angeles, USA"
1084,Customer 303,customer.303.36@example.com,+1-877-828-3478,"856 Fourth St, Phoenix, USA"
1016,Customer 119,customer.119.30@sample.com,+1-552-518-4656,"584 Main St, Chicago, USA"
1025,Customer 490,customer.490.49@sample.com,+1-797-825-1305,"331 Main St, Chicago, USA"
1029,Customer 97,customer.97.59@sample.com,+1-651-546-6758,"603 Park Ave, Houston, USA"
1040,Customer 216,customer.216.83@example.com,+1-828-495-6620,"964 Main St, Phoenix, USA"
1062,Customer 872,customer.872.70@sample.com,+1-755-283-4116,"673 Fourth St, Los Angeles, USA"
1010,Customer 858,customer.858.35@demo.com,+1-960-594-9813,"546 Main St, Phoenix, USA"
1029,Customer 662,customer.662.82@example.com,+1-649-417-5629,"655 Main St, Los Angeles, USA"
1062,Customer 347,customer.347.46@example.com,+1-783-898-7262,"500 Fourth St, New York, USA"
1047,Customer 479,customer.479.89@demo.com,+1-712-285-9117,"954 Main St, New York, USA"
1018,Customer 352,customer.352.24@demo.com,+1-769-944-1684,"984 Park Ave, Phoenix, USA"
1005,Customer 28,customer.28.62@sample.com,+1-932-601-2825,"774 Third St, New York, USA"
1034,Customer 214,customer.214.56@example.com,+1-377-793-7659,"877 Third St, Houston, USA"
1012,Customer 752,customer.752.81@sample.com,+1-101-311-5675,"685 Third St, Chicago, USA"
1056,Customer 173,customer.173.64@example.com,+1-609-475-1473,"403 Main St, Los Angeles, USA"
1006,Customer 258,customer.258.22@sample.com,+1-842-325-7566,"409 Main St, Chicago, USA"
1017,Customer 199,customer.199.81@demo.com,+1-820-444-8101,"734 Third St, Los Angeles, USA"
1076,Customer 325,customer.325.39@sample.com,+1-555-498-6350,"114 Park Ave, Los Angeles, USA"
1081,Customer 164,customer.164.29@example.com,+1-210-857-1282,"124 Fourth St, New York, USA"
1013,Customer 935,customer.935.91@example.com,+1-890-416-2502,"806 Fourth St, Houston, USA"
1073,Customer 657,customer.657.29@example.com,+1-703-205-1477,"903 Park Ave, Chicago, USA"
1001,Customer 464,customer.464.2@sample.com,+1-170-372-2210,"617 Second St, Chicago, USA"
1082,Customer 442,customer.442.21@example.com,+1-168-615-4563,"975 Main St, New York, USA"
1020,Customer 524,customer.524.10@demo.com,+1-789-676-6499,"634 Second St, New York, USA"
1080,Customer 994,customer.994.95@sample.com,+1-109-219-8802,"642 Third St, Houston, USA"
1013,Customer 205,customer.205.80@demo.com,+1-628-933-2315,"614 Main St, Phoenix, USA"
1048,Customer 971,customer.971.17@demo.com,+1-386-985-2539,"593 Second St, Phoenix, USA"
1082,Customer 137,customer.137.8@example.com,+1-884-135-4545,"438 Main St, Los Angeles, USA"
1021,Customer 232,customer.232.56@sample.com,+1-340-590-5297,"409 Fourth St, Houston, USA"
1049,Customer 6,customer.6.28@sample.com,+1-395-183-6134,"825 Main St, Chicago, USA"
1005,Customer 295,customer.295.44@demo.com,+1-918-398-1751,"31 Fourth St, Houston, USA"
1040,Customer 995,customer.995.63@sample.com,+1-346-459-5868,"527 Park Ave, New York, USA"
1067,Customer 376,customer.376.63@example.com,+1-358-342-2119,"770 Third St, Chicago, USA"
1062,Customer 441,customer.441.15@example.com,+1-303-124-6672,"144 Fourth St, Phoenix, USA"
1087,Customer 470,customer.470.99@example.com,+1-762-807-6012,"878 Fourth St, Houston, USA"
1059,Customer 13,customer.13.62@sample.com,+1-169-417-1375,"588 Park Ave, Chicago, USA"
1002,Customer 494,customer.494.92@example.com,+1-867-655-9258,"42 Third St, Chicago, USA"
1099,Customer 326,customer.326.26@example.com,+1-633-501-4663,"224 Third St, Houston, USA"
1054,Customer 469,customer.469.52@sample.com,+1-402-504-4859,"599 Second St, New York, USA"
1078,Customer 552,customer.552.74@sample.com,+1-975-340-5230,"410 Main St, Houston, USA"
1029,Customer 708,customer.708.69@demo.com,+1-685-917-7013,"900 Third St, New York, USA"
1047,Customer 415,customer.415.29@sample.com,+1-567-800-1944,"208 Second St, New York, USA"
1074,Customer 568,customer.568.12@example.com,+1-279-774-6833,"203 Second St, Chicago, USA"
1050,Customer 576,customer.576.61@demo.com,+1-349-545-8097,"910 Park Ave, Chicago, USA"
1025,Customer 207,customer.207.6@demo.com,+1-115-625-2359,"428 Third St, Chicago, USA"
1088,Customer 596,customer.596.32@sample.com,+1-125-672-7654,"841 Third St, New York, USA"
1079,Customer 171,customer.171.51@sample.com,+1-343-905-1037,"22 Second St, Los Angeles, USA"
1092,Customer 944,customer.944.64@sample.com,+1-194-865-9576,"670 Main St, Los Angeles, USA"
1087,Customer 772,customer.772.79@demo.com,+1-487-391-1832,"436 Park Ave, Los Angeles, USA"
1089,Customer 11,customer.11.14@demo.com,+1-791-562-1012,"361 Main St, Phoenix, USA"
1046,Customer 465,customer.465.37@sample.com,+1-102-384-5117,"182 Second St, Phoenix, USA"
1029,Customer 563,customer.563.59@sample.com,+1-359-230-1797,"327 Second St, Los Angeles, USA"
1014,Customer 652,customer.652.52@demo.com,+1-540-211-9181,"760 Fourth St, Houston, USA"
1084,Customer 206,customer.206.24@sample.com,+1-173-874-9675,"582 Second St, New York, USA"
1046,Customer 699,customer.699.59@example.com,+1-578-471-7407,"89 Fourth St, Phoenix, USA"
1099,Customer 19,customer.19.47@example.com,+1-755-166-5016,"847 Main St, Los Angeles, USA"
1071,Customer 530,customer.530.58@example.com,+1-923-333-9793,"886 Main St, Los Angeles, USA"
1042,Customer 350,customer.350.94@demo.com,+1-552-652-3732,"356 Main St, Phoenix, USA"
1020,Customer 905,customer.905.68@sample.com,+1-758-394-7097,"61 Second St, Phoenix, USA"
1053,Customer 639,customer.639.75@demo.com,+1-679-553-8148,"118 Fourth St, Los Angeles, USA"
1086,Customer 396,customer.396.30@example.com,+1-172-249-6064,"46 Main St, Los Angeles, USA"
1023,Customer 463,customer.463.45@demo.com,+1-756-226-8082,"633 Third St, Los Angeles, USA"
1019,Customer 617,customer.617.90@sample.com,+1-702-454-2196,"766 Fourth St, Chicago, USA"
1017,Customer 366,customer.366.52@demo.com,+1-497-919-1285,"943 Fourth St, Phoenix, USA"
1025,Customer 948,customer.948.34@example.com,+1-588-325-6776,"183 Park Ave, Phoenix, USA"
1001,Customer 41,customer.41.37@sample.com,+1-760-174-1740,"478 Third St, Los Angeles, USA"
1034,Customer 49,customer.49.16@example.com,+1-410-373-7360,"186 Park Ave, New York, USA"
1048,Customer 965,customer.965.71@example.com,+1-368-725-6371,"257 Fourth St, Los Angeles, USA"
1006,Customer 220,customer.220.63@example.com,+1-555-377-2621,"810 Main St, Houston, USA"
1011,Customer 957,customer.957.75@demo.com,+1-507-793-2169,"839 Park Ave, Los Angeles, USA"
1036,Customer 713,customer.713.7@example.com,+1-178-854-1981,"642 Second St, Los Angeles, USA"
1033,Customer 17,customer.17.11@demo.com,+1-251-958-8446,"266 Second St, Houston, USA"
1094,Customer 160,customer.160.65@sample.com,+1-861-419-9775,"745 Fourth St, Chicago, USA"
1061,Customer 925,customer.925.25@demo.com,+1-669-788-1244,"618 Second St, Chicago, USA"
1053,Customer 109,customer.109.78@sample.com,+1-305-998-4999,"202 Park Ave, Chicago, USA"
1023,Customer 31,customer.31.69@demo.com,+1-922-748-5880,"107 Fourth St, Chicago, USA"
1033,Customer 229,customer.229.43@example.com,+1-359-291-6321,"901 Fourth St, Houston, USA"
1095,Customer 241,customer.241.40@demo.com,+1-965-183-1191,"315 Third St, New York, USA"
1097,Customer 391,customer.391.55@sample.com,+1-607-749-2904,"689 Third St, Houston, USA"
1011,Customer 710,customer.710.28@demo.com,+1-823-759-2101,"963 Second St, Los Angeles, USA"
1099,Customer 716,customer.716.14@sample.com,+1-474-829-7349,"207 Fourth St, Chicago, USA"
1046,Customer 893,customer.893.55@sample.com,+1-768-925-3326,"168 Park Ave, Houston, USA"
1054,Customer 504,customer.504.85@example.com,+1-882-298-2501,"3 Second St, Houston, USA"
1032,Customer 575,customer.575.76@sample.com,+1-503-301-6495,"474 Main St, Houston, USA"
1007,Customer 797,customer.797.17@example.com,+1-127-522-1159,"458 Fourth St, Phoenix, USA"
1062,Customer 698,customer.698.43@example.com,+1-831-602-8909,"978 Fourth St, Chicago, USA"
1037,Customer 665,customer.665.4@sample.com,+1-409-697-2200,"416 Main St, Los Angeles, USA"
1057,Customer 581,customer.581.92@sample.com,+1-374-842-9277,"518 Second St, Phoenix, USA"
1008,Customer 215,customer.215.56@sample.com,+1-314-538-5523,"358 Park Ave, Houston, USA"
1012,Customer 146,customer.146.50@example.com,+1-912-429-6239,"905 Main St, Houston, USA"
1097,Customer 401,customer.401.35@example.com,+1-833-322-7936,"104 Main St, Chicago, USA"
1014,Customer 337,customer.337.72@demo.com,+1-211-424-9126,"645 Park Ave, Phoenix, USA"
1055,Customer 719,customer.719.39@demo.com,+1-731-691-6161,"324 Third St, Houston, USA"
1033,Customer 613,customer.613.80@example.com,+1-862-497-7274,"152 Second St, Houston, USA"
1090,Customer 912,customer.912.88@demo.com,+1-770-809-1381,"466 Second St, New York, USA"
1072,Customer 775,customer.775.52@sample.com,+1-568-381-6283,"937 Second St, New York, USA"
1017,Customer 694,customer.694.2@example.com,+1-736-211-1592,"57 Second St, New York, USA"
1034,Customer 841,customer.841.90@example.com,+1-897-974-8347,"14 Second St, Houston, USA"
1037,Customer 676,customer.676.57@demo.com,+1-113-880-6459,"272 Third St, Houston, USA"
1072,Customer 452,customer.452.30@example.com,+1-669-756-3925,"744 Fourth St, New York, USA"
1038,Customer 557,customer.557.65@example.com,+1-101-218-4262,"849 Second St, Phoenix, USA"
1079,Customer 953,customer.953.74@demo.com,+1-358-751-6914,"163 Third St, New York, USA"
1011,Customer 941,customer.941.23@example.com,+1-197-979-8649,"335 Fourth St, New York, USA"
1098,Customer 663,customer.663.16@example.com,+1-684-852-9103,"856 Third St, Chicago, USA"
1084,Customer 104,customer.104.18@example.com,+1-585-531-6146,"183 Third St, New York, USA"
1049,Customer 921,customer.921.36@demo.com,+1-983-769-3106,"468 Second St, Chicago, USA"
1029,Customer 542,customer.542.13@sample.com,+1-277-931-8735,"576 Third St, New York, USA"
1076,Customer 950,customer.950.98@demo.com,+1-843-395-1413,"445 Third St, Los Angeles, USA"
1076,Customer 678,customer.678.52@demo.com,+1-140-403-2161,"915 Park Ave, New York, USA"
1066,Customer 368,customer.368.61@sample.com,+1-468-754-2445,"121 Third St, Los Angeles, USA"
1041,Customer 672,customer.672.15@demo.com,+1-564-742-8874,"27 Main St, New York, USA"
1005,Customer 145,customer.145.7@demo.com,+1-138-362-3737,"131 Main St, Phoenix, USA"
1032,Customer 598,customer.598.64@sample.com,+1-505-125-5075,"257 Fourth St, New York, USA"
1090,Customer 439,customer.439.56@sample.com,+1-862-662-4356,"953 Park Ave, Chicago, USA"
1087,Customer 535,customer.535.89@demo.com,+1-758-718-1549,"644 Second St, New York, USA"
1066,Customer 110,customer.110.71@sample.com,+1-654-583-4408,"259 Fourth St, New York, USA"
1075,Customer 113,customer.113.46@demo.com,+1-978-907-4857,"306 Park Ave, Houston, USA"
1059,Customer 958,customer.958.95@example.com,+1-661-529-9623,"63 Park Ave, Los Angeles, USA"
1036,Customer 423,customer.423.46@demo.com,+1-745-338-4536,"553 Main St, Los Angeles, USA"
1075,Customer 309,customer.309.22@example.com,+1-879-328-3487,"579 Third St, New York, USA"
1056,Customer 984,customer.984.93@example.com,+1-643-874-2094,"224 Third St, Phoenix, USA"
1073,Customer 155,customer.155.21@demo.com,+1-222-929-7444,"239 Main St, Houston, USA"
1035,Customer 746,customer.746.85@example.com,+1-958-670-1307,"781 Second St, Los Angeles, USA"
1009,Customer 455,customer.455.5@sample.com,+1-452-791-7818,"663 Third St, New York, USA"
1017,Customer 37,customer.37.15@demo.com,+1-736-783-2769,"868 Park Ave, Houston, USA"
1007,Customer 495,customer.495.75@sample.com,+1-255-934-1205,"494 Main St, New York, USA"
1029,Customer 851,customer.851.24@sample.com,+1-565-874-9127,"32 Third St, Chicago, USA"
1017,Customer 500,customer.500.53@example.com,+1-996-920-9350,"725 Main St, New York, USA"
1008,Customer 768,customer.768.12@example.com,+1-260-239-4659,"619 Second St, Houston, USA"
1088,Customer 510,customer.510.9@example.com,+1-910-632-9066,"274 Main St, Phoenix, USA"
1056,Customer 857,customer.857.91@demo.com,+1-457-791-6527,"336 Fourth St, Los Angeles, USA"
1026,Customer 660,customer.660.69@sample.com,+1-256-921-8300,"867 Park Ave, Chicago, USA"
1017,Customer 675,customer.675.47@example.com,+1-473-769-7710,"155 Main St, Houston, USA"
1015,Customer 477,customer.477.91@example.com,+1-925-956-9167,"525 Main St, Houston, USA"
1038,Customer 359,customer.359.38@example.com,+1-119-858-2979,"82 Main St, Phoenix, USA"
1009,Customer 482,customer.482.18@example.com,+1-656-213-2566,"201 Fourth St, Phoenix, USA"
1053,Customer 370,customer.370.47@demo.com,+1-852-619-8167,"114 Fourth St, Houston, USA"
1015,Customer 880,customer.880.82@demo.com,+1-829-699-7895,"647 Fourth St, New York, USA"
1004,Customer 828,customer.828.53@sample.com,+1-675-423-1079,"878 Second St, Phoenix, USA"
1070,Customer 889,customer.889.8@example.com,+1-545-101-2359,"882 Main St, Houston, USA"
1006,Customer 432,customer.432.31@sample.com,+1-717-235-5000,"522 Third St, Phoenix, USA"
1003,Customer 290,customer.290.72@sample.com,+1-853-135-8630,"904 Third St, Los Angeles, USA"
1085,Customer 792,customer.792.79@sample.com,+1-604-297-8101,"511 Fourth St, New York, USA"
1057,Customer 760,customer.760.55@sample.com,+1-520-404-9481,"434 Third St, Los Angeles, USA"
1086,Customer 174,customer.174.9@demo.com,+1-158-688-3614,"65 Fourth St, Houston, USA"
1082,Customer 621,customer.621.71@sample.com,+1-805-695-1949,"755 Fourth St, Chicago, USA"
1063,Customer 514,customer.514.7@demo.com,+1-548-311-5496,"703 Second St, Houston, USA"
1066,Customer 72,customer.72.74@sample.com,+1-664-429-7704,"511 Second St, New York, USA"
1061,Customer 132,customer.132.67@sample.com,+1-191-260-5244,"23 Main St, Phoenix, USA"
1014,Customer 283,customer.283.9@sample.com,+1-164-317-6546,"455 Main St, Chicago, USA"
1004,Customer 560,customer.560.84@example.com,+1-576-497-6615,"689 Park Ave, Chicago, USA"
1038,Customer 389,customer.389.73@demo.com,+1-230-315-2629,"835 Main St, Phoenix, USA"
1010,Customer 398,customer.398.40@sample.com,+1-171-974-8775,"352 Main St, Phoenix, USA"
1010,Customer 567,customer.567.75@demo.com,+1-506-791-5174,"130 Park Ave, New York, USA"
1094,Customer 64,customer.64.93@example.com,+1-345-488-6769,"874 Main St, Houston, USA"
1002,Customer 181,customer.181.14@example.com,+1-791-762-8494,"195 Main St, Chicago, USA"
1091,Customer 499,customer.499.44@demo.com,+1-171-212-9948,"550 Main St, Phoenix, USA"
1091,Customer 988,customer.988.45@demo.com,+1-429-220-9404,"68 Fourth St, Los Angeles, USA"
1072,Customer 963,customer.963.14@demo.com,+1-668-421-3422,"972 Third St, New York, USA"
1025,Customer 365,customer.365.88@demo.com,+1-932-486-7811,"205 Park Ave, Phoenix, USA"
1092,Customer 24,customer.24.67@demo.com,+1-285-268-2707,"883 Fourth St, Los Angeles, USA"
1062,Customer 854,customer.854.3@sample.com,+1-686-755-9826,"764 Third St, New York, USA"
1037,Customer 820,customer.820.81@example.com,+1-293-283-4944,"589 Park Ave, Phoenix, USA"
1085,Customer 604,customer.604.9@example.com,+1-757-370-1027,"679 Fourth St, Los Angeles, USA"
1030,Customer 93,customer.93.51@sample.com,+1-673-306-4857,"676 Fourth St, Chicago, USA"
1030,Customer 541,customer.541.96@example.com,+1-188-273-2691,"101 Main St, Houston, USA"
1023,Customer 361,customer.361.79@demo.com,+1-800-125-5661,"226 Third St, Houston, USA"
1046,Customer 850,customer.850.32@sample.com,+1-765-463-6830,"572 Fourth St, Houston, USA"
1091,Customer 84,customer.84.88@example.com,+1-339-874-9551,"631 Second St, New York, USA"
1035,Customer 340,customer.340.76@example.com,+1-525-379-1370,"987 Fourth St, Los Angeles, USA"
1044,Customer 640,customer.640.44@sample.com,+1-483-206-3668,"175 Third St, New York, USA"
1069,Customer 625,customer.625.39@sample.com,+1-298-912-9268,"948 Park Ave, Houston, USA"
1045,Customer 544,customer.544.77@demo.com,+1-525-480-9677,"26 Third St, New York, USA"
1057,Customer 911,customer.911.85@demo.com,+1-433-205-6818,"92 Third St, New York, USA"
1098,Customer 18,customer.18.64@demo.com,+1-384-709-9339,"381 Fourth St, New York, USA"
1089,Customer 194,customer.194.90@example.com,+1-540-137-3749,"910 Main St, Phoenix, USA"
1016,Customer 856,customer.856.1@demo.com,+1-934-229-3811,"78 Second St, Houston, USA"
1055,Customer 607,customer.607.74@sample.com,+1-955-543-7577,"399 Fourth St, Houston, USA"
1045,Customer 817,customer.817.64@example.com,+1-700-276-8371,"31 Main St, Houston, USA"
1043,Customer 501,customer.501.61@sample.com,+1-885-879-3298,"217 Park Ave, New York, USA"
1096,Customer 847,customer.847.30@sample.com,+1-976-767-3935,"236 Third St, Chicago, USA"
1088,Customer 180,customer.180.43@sample.com,+1-442-644-4190,"558 Second St, Houston, USA"
1066,Customer 252,customer.252.99@example.com,+1-419-705-5735,"891 Park Ave, Houston, USA"
1077,Customer 289,customer.289.73@sample.com,+1-218-676-7458,"96 Park Ave, Chicago, USA"
1059,Customer 714,customer.714.96@example.com,+1-517-341-6170,"151 Fourth St, Chicago, USA"
1030,Customer 339,customer.339.97@sample.com,+1-777-912-3482,"607 Fourth St, New York, USA"
1040,Customer 654,customer.654.23@demo.com,+1-662-925-4824,"345 Park Ave, Los Angeles, USA"
1005,Customer 96,customer.96.10@demo.com,+1-605-229-5389,"715 Third St, New York, USA"
1067,Customer 582,customer.582.87@example.com,+1-162-503-2054,"774 Main St, Phoenix, USA"
1075,Customer 237,customer.237.89@demo.com,+1-758-431-4927,"9 Park Ave, Chicago, USA"
1044,Customer 202,customer.202.90@example.com,+1-444-448-9330,"607 Park Ave, New York, USA"
1040,Customer 987,customer.987.77@demo.com,+1-938-264-2354,"447 Main St, Houston, USA"
1050,Customer 320,customer.320.79@example.com,+1-985-100-4403,"201 Park Ave, Houston, USA"
1092,Customer 254,customer.254.45@example.com,+1-442-196-5270,"302 Fourth St, Houston, USA"
1093,Customer 545,customer.545.62@demo.com,+1-831-284-4630,"50 Third St, Houston, USA"
1096,Customer 595,customer.595.31@example.com,+1-269-227-4245,"948 Second St, Houston, USA"
1039,Customer 745,customer.745.64@demo.com,+1-257-165-7092,"52 Park Ave, Phoenix, USA"
1067,Customer 947,customer.947.38@demo.com,+1-772-186-4892,"10 Main St, Chicago, USA"
1098,Customer 80,customer.80.86@sample.com,+1-875-345-2364,"947 Third St, Los Angeles, USA"
1025,Customer 874,customer.874.49@sample.com,+1-367-575-9444,"888 Fourth St, Chicago, USA"
1083,Customer 727,customer.727.69@example.com,+1-739-312-1623,"607 Main St, Phoenix, USA"
1075,Customer 492,customer.492.52@demo.com,+1-250-527-4538,"143 Fourth St, New York, USA"
1018,Customer 845,customer.845.86@example.com,+1-836-178-6781,"597 Second St, Houston, USA"
1025,Customer 899,customer.899.66@example.com,+1-298-490-6768,"340 Main St, New York, USA"
1009,Customer 308,customer.308.17@demo.com,+1-319-868-9558,"833 Park Ave, Phoenix, USA"
1071,Customer 788,customer.788.34@example.com,+1-912-190-5007,"904 Fourth St, Phoenix, USA"
1072,Customer 800,customer.800.37@sample.com,+1-750-771-5999,"58 Main St, New York, USA"
1018,Customer 189,customer.189.38@demo.com,+1-406-727-3054,"746 Main St, Phoenix, USA"
1095,Customer 27,customer.27.83@example.com,+1-570-260-9067,"685 Third St, Los Angeles, USA"
1022,Customer 231,customer.231.48@example.com,+1-857-721-1098,"193 Third St, Los Angeles, USA"
1081,Customer 521,customer.521.34@example.com,+1-692-206-6577,"112 Second St, Chicago, USA"
1034,Customer 593,customer.593.90@example.com,+1-687-546-2152,"357 Main St, Chicago, USA"
1013,Customer 843,customer.843.25@sample.com,+1-145-550-1897,"883 Main St, Phoenix, USA"
1072,Customer 586,customer.586.92@demo.com,+1-932-666-1128,"534 Park Ave, Houston, USA"
1082,Customer 81,customer.81.97@example.com,+1-672-570-7597,"943 Main St, Los Angeles, USA"
1078,Customer 151,customer.151.55@example.com,+1-198-929-8250,"46 Second St, New York, USA"
1094,Customer 806,customer.806.80@sample.com,+1-514-607-6272,"58 Third St, Phoenix, USA"
1011,Customer 895,customer.895.42@example.com,+1-618-404-7837,"560 Second St, Chicago, USA"
1015,Customer 410,customer.410.40@example.com,+1-245-774-9172,"142 Park Ave, New York, USA"
1036,Customer 468,customer.468.98@demo.com,+1-824-475-8413,"51 Park Ave, Phoenix, USA"
1055,Customer 475,customer.475.46@demo.com,+1-217-552-5870,"968 Park Ave, Phoenix, USA"
1037,Customer 602,customer.602.84@sample.com,+1-560-903-7015,"970 Second St, Houston, USA"
1038,Customer 89,customer.89.47@demo.com,+1-294-267-9568,"616 Park Ave, Chicago, USA"
1012,Customer 689,customer.689.17@sample.com,+1-839-917-7878,"692 Main St, Phoenix, USA"
1062,Customer 896,customer.896.3@demo.com,+1-208-423-8354,"697 Fourth St, Chicago, USA"
1048,Customer 162,customer.162.90@demo.com,+1-681-724-2767,"145 Fourth St, Phoenix, USA"
1023,Customer 188,customer.188.11@example.com,+1-954-592-4646,"454 Main St, Phoenix, USA"
1081,Customer 771,customer.771.15@demo.com,+1-111-434-9219,"828 Fourth St, Houston, USA"
1062,Customer 539,customer.539.92@demo.com,+1-143-919-1658,"300 Park Ave, Chicago, USA"
1031,Customer 813,customer.813.54@example.com,+1-354-162-1402,"899 Park Ave, Houston, USA"
1041,Customer 219,customer.219.4@demo.com,+1-402-421-2840,"228 Fourth St, Chicago, USA"
1024,Customer 814,customer.814.53@sample.com,+1-857-291-5166,"322 Second St, Los Angeles, USA"
1007,Customer 610,customer.610.66@demo.com,+1-294-705-6959,"130 Fourth St, Phoenix, USA"
1100,Customer 448,customer.448.82@example.com,+1-671-982-1526,"877 Park Ave, New York, USA"
1019,Customer 134,customer.134.38@example.com,+1-873-918-7132,"193 Main St, Phoenix, USA"
1005,Customer 450,customer.450.72@demo.com,+1-808-334-2946,"57 Main St, Chicago, USA"
1009,Customer 946,customer.946.6@sample.com,+1-266-882-6244,"819 Park Ave, Chicago, USA"
1044,Customer 748,customer.748.54@example.com,+1-220-865-9964,"909 Third St, Houston, USA"
1086,Customer 213,customer.213.15@demo.com,+1-769-323-1800,"781 Third St, Los Angeles, USA"
1090,Customer 436,customer.436.42@example.com,+1-681-402-2165,"160 Fourth St, Los Angeles, USA"
1051,Customer 558,customer.558.24@demo.com,+1-102-586-3224,"564 Fourth St, Phoenix, USA"
1025,Customer 776,customer.776.32@example.com,+1-552-196-7452,"587 Main St, New York, USA"
1023,Customer 790,customer.790.30@example.com,+1-172-784-8714,"52 Fourth St, Los Angeles, USA"
1058,Customer 982,customer.982.1@example.com,+1-382-572-9607,"899 Main St, Los Angeles, USA"
1040,Customer 954,customer.954.9@demo.com,+1-462-917-4271,"502 Second St, New York, USA"
1083,Customer 767,customer.767.74@demo.com,+1-698-810-1869,"23 Main St, Los Angeles, USA"
1023,Customer 68,customer.68.42@sample.com,+1-132-167-3234,"36 Second St, New York, USA"
1003,Customer 187,customer.187.74@example.com,+1-971-180-2270,"658 Second St, New York, USA"
1071,Customer 520,customer.520.4@example.com,+1-549-187-1018,"535 Fourth St, New York, USA"
1005,Customer 62,customer.62.27@example.com,+1-526-755-4746,"208 Park Ave, New York, USA"
1089,Customer 351,customer.351.17@example.com,+1-429-318-7351,"557 Third St, Houston, USA"
1049,Customer 150,customer.150.88@sample.com,+1-324-714-7609,"950 Third St, Chicago, USA"
1025,Customer 955,customer.955.85@example.com,+1-643-311-6392,"115 Third St, Phoenix, USA"
1059,Customer 227,customer.227.81@demo.com,+1-242-518-2523,"264 Third St, Los Angeles, USA"
1012,Customer 279,customer.279.27@example.com,+1-220-991-3446,"79 Second St, New York, USA"
1034,Customer 324,customer.324.54@sample.com,+1-754-793-4775,"516 Fourth St, Houston, USA"
1051,Customer 94,customer.94.67@example.com,+1-147-748-4839,"233 Main St, Houston, USA"
1079,Customer 257,customer.257.12@demo.com,+1-100-162-2783,"299 Second St, Chicago, USA"
1094,Customer 636,customer.636.65@example.com,+1-890-239-9854,"4 Fourth St, Houston, USA"
1004,Customer 659,customer.659.39@sample.com,+1-608-251-1381,"766 Fourth St, Los Angeles, USA"
1056,Customer 100,customer.100.97@demo.com,+1-165-579-1458,"565 Second St, Los Angeles, USA"
1025,Customer 203,customer.203.94@demo.com,+1-927-423-5941,"955 Fourth St, Phoenix, USA"
1091,Customer 497,customer.497.85@demo.com,+1-173-148-7728,"806 Third St, Houston, USA"
1061,Customer 163,customer.163.44@demo.com,+1-632-234-2798,"412 Second St, Chicago, USA"
1051,Customer 358,customer.358.78@sample.com,+1-368-960-8902,"969 Park Ave, New York, USA"
1006,Customer 915,customer.915.73@example.com,+1-808-575-1906,"797 Second St, Houston, USA"
1090,Customer 282,customer.282.66@demo.com,+1-455-759-6959,"50 Second St, Los Angeles, USA"
1042,Customer 670,customer.670.56@example.com,+1-224-937-1792,"454 Main St, New York, USA"
1002,Customer 628,customer.628.63@sample.com,+1-379-676-2455,"524 Fourth St, Chicago, USA"
1069,Customer 722,customer.722.54@example.com,+1-697-212-4772,"843 Third St, Houston, USA"
1088,Customer 960,customer.960.35@sample.com,+1-510-996-4924,"479 Second St, Los Angeles, USA"
1021,Customer 466,customer.466.60@example.com,+1-265-409-9689,"82 Fourth St, Houston, USA"
1064,Customer 700,customer.700.77@sample.com,+1-209-406-6319,"662 Second St, New York, USA"
1067,Customer 629,customer.629.5@demo.com,+1-237-368-4811,"279 Park Ave, Los Angeles, USA"
1094,Customer 534,customer.534.71@example.com,+1-582-318-4131,"908 Park Ave, New York, USA"
1059,Customer 502,customer.502.13@demo.com,+1-618-191-3154,"462 Second St, Los Angeles, USA"
1083,Customer 538,customer.538.38@sample.com,+1-549-161-8190,"637 Fourth St, New York, USA"
1093,Customer 129,customer.129.42@example.com,+1-589-308-4344,"457 Main St, Los Angeles, USA"
1046,Customer 148,customer.148.40@example.com,+1-913-222-5682,"255 Park Ave, Phoenix, USA"
1005,Customer 964,customer.964.8@sample.com,+1-211-626-5507,"510 Park Ave, Phoenix, USA"
1074,Customer 759,customer.759.30@sample.com,+1-378-805-2372,"490 Main St, Phoenix, USA"
1054,Customer 603,customer.603.15@demo.com,+1-332-573-4476,"86 Park Ave, Houston, USA"
1064,Customer 76,customer.76.92@sample.com,+1-297-936-4155,"912 Main St, Phoenix, USA"
1066,Customer 263,customer.263.13@example.com,+1-268-623-1968,"79 Park Ave, Phoenix, USA"
1043,Customer 112,customer.112.30@demo.com,+1-173-472-6950,"230 Third St, New York, USA"
1057,Customer 65,customer.65.41@sample.com,+1-407-451-6918,"625 Fourth St, Chicago, USA"
1056,Customer 185,customer.185.22@sample.com,+1-264-739-9748,"264 Third St, New York, USA"
1017,Customer 738,customer.738.5@demo.com,+1-576-221-6431,"242 Second St, Phoenix, USA"
1087,Customer 920,customer.920.14@sample.com,+1-926-337-2326,"212 Second St, Los Angeles, USA"
1040,Customer 711,customer.711.88@example.com,+1-464-113-5231,"762 Third St, Chicago, USA"
1034,Customer 55,customer.55.69@demo.com,+1-943-387-4674,"686 Park Ave, Phoenix, USA"
1034,Customer 149,customer.149.59@demo.com,+1-617-120-7333,"749 Main St, New York, USA"
1086,Customer 830,customer.830.76@demo.com,+1-621-848-5518,"112 Third St, Los Angeles, USA"
1074,Customer 430,customer.430.78@demo.com,+1-319-470-3834,"875 Park Ave, Los Angeles, USA"
1081,Customer 25,customer.25.25@sample.com,+1-359-816-6766,"483 Second St, Phoenix, USA"
1059,Customer 903,customer.903.46@sample.com,+1-620-726-1842,"468 Park Ave, Houston, USA"
1060,Customer 319,customer.319.98@sample.com,+1-554-297-1281,"723 Second St, Phoenix, USA"
1089,Customer 778,customer.778.56@example.com,+1-348-344-7394,"393 Park Ave, Houston, USA"
1074,Customer 102,customer.102.77@example.com,+1-258-260-2920,"923 Second St, New York, USA"
1063,Customer 473,customer.473.25@demo.com,+1-926-694-5731,"779 Second St, Phoenix, USA"
1015,Customer 310,customer.310.12@sample.com,+1-789-631-4521,"381 Park Ave, Chicago, USA"
1011,Customer 7,customer.7.8@example.com,+1-966-233-9669,"158 Park Ave, Houston, USA"
1099,Customer 728,customer.728.49@demo.com,+1-184-615-4389,"270 Main St, Houston, USA"
1050,Customer 927,customer.927.84@demo.com,+1-514-264-2935,"134 Fourth St, New York, USA"
1001,Customer 20,customer.20.44@example.com,+1-968-669-5071,"536 Fourth St, Houston, USA"
1066,Customer 655,customer.655.67@demo.com,+1-344-547-4436,"809 Main St, Chicago, USA"
1072,Customer 904,customer.904.8@demo.com,+1-180-483-6921,"705 Main St, Los Angeles, USA"
1082,Customer 833,customer.833.69@example.com,+1-417-752-1739,"648 Third St, Los Angeles, USA"
1063,Customer 86,customer.86.34@sample.com,+1-129-633-6016,"825 Main St, Chicago, USA"
1038,Customer 190,customer.190.33@sample.com,+1-614-918-3802,"310 Fourth St, New York, USA"
1050,Customer 79,customer.79.26@demo.com,+1-171-322-8962,"490 Park Ave, Los Angeles, USA"
1026,Customer 9,customer.9.38@example.com,+1-578-739-1366,"359 Third St, Phoenix, USA"
1009,Customer 244,customer.244.7@sample.com,+1-889-205-2941,"76 Second St, Chicago, USA"
1093,Customer 906,customer.906.16@sample.com,+1-368-744-7678,"304 Fourth St, Phoenix, USA"
1089,Customer 349,customer.349.36@sample.com,+1-154-460-3755,"262 Park Ave, Phoenix, USA"
1026,Customer 783,customer.783.24@demo.com,+1-752-335-5313,"908 Main St, New York, USA"
1029,Customer 945,customer.945.36@example.com,+1-918-499-4577,"895 Second St, Chicago, USA"
1070,Customer 272,customer.272.61@sample.com,+1-964-204-5840,"420 Main St, Houston, USA"
1042,Customer 139,customer.139.97@example.com,+1-287-501-3304,"476 Third St, Phoenix, USA"
1037,Customer 33,customer.33.53@example.com,+1-230-551-7659,"737 Park Ave, Phoenix, USA"
1039,Customer 355,customer.355.85@sample.com,+1-695-784-8350,"219 Park Ave, Chicago, USA"
1001,Customer 531,customer.531.64@demo.com,+1-419-811-2203,"482 Third St, Houston, USA"
1038,Customer 78,customer.78.63@demo.com,+1-575-352-7006,"471 Fourth St, Chicago, USA"
1074,Customer 645,customer.645.88@demo.com,+1-611-349-1888,"272 Third St, Chicago, USA"
1085,Customer 341,customer.341.73@demo.com,+1-769-348-8034,"794 Second St, Houston, USA"
1096,Customer 5,customer.5.44@demo.com,+1-732-787-5670,"926 Third St, Phoenix, USA"
1042,Customer 743,customer.743.59@sample.com,+1-453-963-6168,"684 Park Ave, Phoenix, USA"
1095,Customer 421,customer.421.73@example.com,+1-977-928-3607,"712 Second St, Los Angeles, USA"
1001,Customer 551,customer.551.57@sample.com,+1-169-329-3155,"674 Third St, New York, USA"
1026,Customer 695,customer.695.76@demo.com,+1-345-958-9179,"542 Second St, Chicago, USA"
1097,Customer 590,customer.590.86@demo.com,+1-919-245-4104,"288 Park Ave, Los Angeles, USA"
1039,Customer 715,customer.715.86@demo.com,+1-843-870-3431,"17 Second St, New York, USA"
1051,Customer 589,customer.589.34@sample.com,+1-454-723-4556,"534 Main St, New York, USA"
1030,Customer 869,customer.869.65@example.com,+1-516-242-6356,"949 Second St, New York, USA"
1011,Customer 712,customer.712.97@demo.com,+1-403-496-9983,"920 Second St, Chicago, USA"
1017,Customer 204,customer.204.80@demo.com,+1-401-393-7076,"439 Main St, Los Angeles, USA"
1064,Customer 223,customer.223.63@sample.com,+1-206-489-4597,"561 Third St, New York, USA"
1026,Customer 165,customer.165.68@example.com,+1-619-895-7337,"276 Park Ave, Chicago, USA"
1022,Customer 515,customer.515.48@sample.com,+1-754-133-1497,"187 Park Ave, Los Angeles, USA"
1099,Customer 848,customer.848.68@example.com,+1-813-567-9088,"645 Fourth St, Chicago, USA"
1053,Customer 705,customer.705.7@sample.com,+1-449-827-4528,"863 Park Ave, Chicago, USA"
1089,Customer 936,customer.936.64@sample.com,+1-520-368-6830,"976 Third St, Phoenix, USA"
1043,Customer 425,customer.425.61@example.com,+1-726-831-8145,"694 Third St, Houston, USA"
1065,Customer 47,customer.47.40@sample.com,+1-496-610-7989,"162 Park Ave, Chicago, USA"
1038,Customer 402,customer.402.52@sample.com,+1-832-315-8398,"978 Second St, Chicago, USA"
1016,Customer 547,customer.547.86@example.com,+1-201-655-6992,"379 Fourth St, Houston, USA"
1094,Customer 864,customer.864.62@sample.com,+1-217-105-5938,"156 Fourth St, Los Angeles, USA"
1027,Customer 392,customer.392.5@sample.com,+1-512-345-5116,"543 Second St, Phoenix, USA"
1011,Customer 429,customer.429.39@sample.com,+1-912-823-1569,"896 Third St, New York, USA"
1004,Customer 348,customer.348.98@example.com,+1-449-786-5637,"223 Fourth St, Chicago, USA"
1020,Customer 428,customer.428.66@demo.com,+1-684-498-8101,"172 Park Ave, Chicago, USA"
1009,Customer 952,customer.952.93@example.com,+1-103-277-9937,"154 Fourth St, Houston, USA"
1027,Customer 420,customer.420.10@sample.com,+1-209-427-2785,"860 Main St, New York, USA"
1014,Customer 356,customer.356.1@sample.com,+1-232-991-6919,"12 Fourth St, Los Angeles, USA"
1079,Customer 796,customer.796.97@example.com,+1-143-131-2766,"629 Fourth St, Phoenix, USA"
1051,Customer 260,customer.260.12@demo.com,+1-260-354-2594,"259 Fourth St, Los Angeles, USA"
1048,Customer 608,customer.608.33@demo.com,+1-327-608-4870,"774 Fourth St, Houston, USA"
1068,Customer 395,customer.395.73@example.com,+1-326-903-4317,"500 Main St, Chicago, USA"
1049,Customer 512,customer.512.41@example.com,+1-772-445-6419,"360 Fourth St, New York, USA"
1029,Customer 383,customer.383.37@sample.com,+1-603-726-7015,"177 Park Ave, Phoenix, USA"
1023,Customer 296,customer.296.99@sample.com,+1-708-148-9849,"191 Main St, Chicago, USA"
1032,Customer 566,customer.566.55@sample.com,+1-508-370-7053,"991 Second St, Chicago, USA"
1066,Customer 397,customer.397.3@demo.com,+1-904-329-1722,"375 Park Ave, New York, USA"
1094,Customer 385,customer.385.58@example.com,+1-967-871-3089,"398 Third St, New York, USA"
1050,Customer 131,customer.131.73@demo.com,+1-635-357-3556,"936 Main St, Houston, USA"
1066,Customer 554,customer.554.99@sample.com,+1-788-397-9598,"447 Fourth St, Los Angeles, USA"
1098,Customer 638,customer.638.20@example.com,+1-171-261-2781,"914 Fourth St, New York, USA"
1047,Customer 405,customer.405.65@demo.com,+1-295-707-7669,"304 Main St, Los Angeles, USA"
1052,Customer 508,customer.508.75@example.com,+1-726-574-3391,"292 Second St, Houston, USA"
1047,Customer 172,customer.172.12@example.com,+1-970-667-6438,"326 Park Ave, New York, USA"
1084,Customer 276,customer.276.83@sample.com,+1-573-289-1418,"726 Third St, Houston, USA"
1057,Customer 198,customer.198.81@demo.com,+1-415-596-8975,"539 Second St, Los Angeles, USA"
1063,Customer 489,customer.489.17@sample.com,+1-498-271-2005,"981 Main St, Houston, USA"
1055,Customer 573,customer.573.60@example.com,+1-925-515-3184,"949 Main St, Phoenix, USA"
1014,Customer 812,customer.812.30@demo.com,+1-275-932-8645,"925 Third St, New York, USA"
1040,Customer 353,customer.353.95@demo.com,+1-344-971-8166,"357 Park Ave, New York, USA"
1087,Customer 802,customer.802.78@example.com,+1-248-722-6527,"243 Main St, New York, USA"
1073,Customer 732,customer.732.30@sample.com,+1-653-908-2112,"394 Second St, Phoenix, USA"
1029,Customer 457,customer.457.22@demo.com,+1-244-407-9583,"954 Third St, Chicago, USA"
1038,Customer 635,customer.635.94@example.com,+1-818-245-6271,"629 Park Ave, Phoenix, USA"
1001,Customer 281,customer.281.27@example.com,+1-703-228-1539,"634 Fourth St, Phoenix, USA"
1022,Customer 658,customer.658.66@example.com,+1-730-814-3162,"618 Main St, Chicago, USA"
1036,Customer 725,customer.725.56@demo.com,+1-320-270-6091,"796 Third St, Chicago, USA"
1029,Customer 414,customer.414.12@example.com,+1-835-590-6269,"910 Second St, New York, USA"
1073,Customer 40,customer.40.48@sample.com,+1-475-257-7347,"153 Third St, Houston, USA"
1083,Customer 344,customer.344.84@sample.com,+1-435-149-5021,"561 Second St, New York, USA"
1045,Customer 269,customer.269.20@example.com,+1-829-321-3555,"569 Fourth St, Chicago, USA"
1045,Customer 867,customer.867.91@sample.com,+1-740-491-4685,"262 Main St, Houston, USA"
1062,Customer 318,customer.318.88@demo.com,+1-441-518-2653,"376 Fourth St, Los Angeles, USA"
1064,Customer 381,customer.381.53@sample.com,+1-618-211-9239,"150 Main St, New York, USA"
1083,Customer 36,customer.36.34@example.com,+1-877-840-5876,"905 Second St, Chicago, USA"
1016,Customer 835,customer.835.67@example.com,+1-984-906-2949,"472 Third St, Los Angeles, USA"
1059,Customer 225,customer.225.34@sample.com,+1-686-475-3774,"972 Main St, Chicago, USA"
1031,Customer 404,customer.404.76@example.com,+1-525-653-9961,"239 Fourth St, Houston, USA"
1094,Customer 63,customer.63.53@sample.com,+1-664-614-5163,"144 Third St, Chicago, USA"
1080,Customer 773,customer.773.92@sample.com,+1-349-604-5193,"826 Park Ave, Los Angeles, USA"
1014,Customer 175,customer.175.78@example.com,+1-666-228-5999,"555 Park Ave, New York, USA"
1023,Customer 114,customer.114.69@example.com,+1-934-970-9893,"908 Second St, Chicago, USA"
1010,Customer 99,customer.99.23@demo.com,+1-302-233-3555,"33 Main St, Phoenix, USA"
1047,Customer 784,customer.784.12@example.com,+1-626-913-8608,"305 Third St, New York, USA"
1040,Customer 329,customer.329.69@sample.com,+1-838-125-4512,"282 Main St, Phoenix, USA"
1020,Customer 726,customer.726.22@example.com,+1-312-352-9315,"406 Main St, Los Angeles, USA"
1039,Customer 807,customer.807.86@example.com,+1-202-813-9983,"531 Fourth St, Chicago, USA"
1001,Customer 561,customer.561.80@example.com,+1-319-272-3783,"977 Fourth St, Houston, USA"
1071,Customer 691,customer.691.82@sample.com,+1-401-145-4965,"332 Third St, New York, USA"
1045,Customer 43,customer.43.87@example.com,+1-328-147-1267,"950 Second St, New York, USA"
1043,Customer 888,customer.888.97@sample.com,+1-846-311-4323,"182 Main St, Houston, USA"
1086,Customer 680,customer.680.99@example.com,+1-617-997-9974,"535 Third St, Chicago, USA"
1041,Customer 913,customer.913.32@example.com,+1-788-360-6918,"599 Second St, New York, USA"
1040,Customer 247,customer.247.20@example.com,+1-488-678-2558,"443 Third St, Los Angeles, USA"
1033,Customer 384,customer.384.38@demo.com,+1-102-585-8683,"416 Park Ave, Phoenix, USA"
1011,Customer 287,customer.287.4@sample.com,+1-482-881-1047,"991 Main St, Houston, USA"
1029,Customer 513,customer.513.47@demo.com,+1-398-386-2908,"563 Park Ave, Phoenix, USA"
1013,Customer 403,customer.403.68@example.com,+1-504-268-9520,"643 Park Ave, Los Angeles, USA"
1068,Customer 870,customer.870.49@example.com,+1-386-376-9641,"266 Fourth St, Chicago, USA"
1015,Customer 780,customer.780.30@demo.com,+1-600-786-4137,"947 Second St, Chicago, USA"
1059,Customer 781,customer.781.66@demo.com,+1-926-935-5154,"628 Park Ave, Los Angeles, USA"
1027,Customer 14,customer.14.25@demo.com,+1-188-800-1256,"884 Third St, New York, USA"
1003,Customer 819,customer.819.20@example.com,+1-632-227-6314,"305 Park Ave, Houston, USA"
1049,Customer 529,customer.529.95@sample.com,+1-906-488-6656,"870 Second St, Phoenix, USA"
1094,Customer 236,customer.236.15@example.com,+1-318-885-4954,"393 Main St, New York, USA"
1100,Customer 212,customer.212.43@example.com,+1-932-714-7124,"739 Park Ave, Houston, USA"
1093,Customer 578,customer.578.59@example.com,+1-845-787-1391,"834 Fourth St, Houston, USA"
1047,Customer 919,customer.919.55@demo.com,+1-715-257-7415,"862 Third St, Chicago, USA"
1033,Customer 2,customer.2.58@sample.com,+1-629-496-2688,"592 Park Ave, Los Angeles, USA"
1026,Customer 267,customer.267.46@sample.com,+1-791-101-4359,"597 Main St, Houston, USA"
1090,Customer 467,customer.467.64@example.com,+1-533-857-5758,"495 Third St, Chicago, USA"
1017,Customer 101,customer.101.87@sample.com,+1-441-806-5721,"175 Fourth St, Phoenix, USA"
1077,Customer 972,customer.972.89@sample.com,+1-749-790-9428,"483 Second St, Chicago, USA"
1053,Customer 230,customer.230.10@example.com,+1-873-284-7301,"861 Main St, Phoenix, USA"
1009,Customer 637,customer.637.57@demo.com,+1-120-353-2241,"395 Second St, New York, USA"
1026,Customer 782,customer.782.13@example.com,+1-830-597-7409,"582 Park Ave, Phoenix, USA"
1054,Customer 56,customer.56.78@example.com,+1-580-736-1500,"623 Third St, New York, USA"
1075,Customer 255,customer.255.88@sample.com,+1-437-793-9107,"573 Main St, Los Angeles, USA"
1069,Customer 26,customer.26.40@demo.com,+1-657-606-3568,"233 Park Ave, Phoenix, USA"
1069,Customer 974,customer.974.69@demo.com,+1-108-519-5124,"363 Park Ave, Chicago, USA"
1030,Customer 646,customer.646.81@sample.com,+1-698-915-9791,"314 Fourth St, Phoenix, USA"
1038,Customer 312,customer.312.14@sample.com,+1-719-288-8345,"525 Fourth St, Phoenix, USA"
1021,Customer 142,customer.142.15@example.com,+1-517-391-5669,"631 Main St, Los Angeles, USA"
1033,Customer 291,customer.291.68@demo.com,+1-863-854-9594,"991 Third St, New York, USA"
1098,Customer 818,customer.818.16@demo.com,+1-745-693-9167,"660 Third St, Los Angeles, USA"
1075,Customer 666,customer.666.8@sample.com,+1-870-319-7181,"646 Main St, New York, USA"
1094,Customer 556,customer.556.59@example.com,+1-245-503-5909,"321 Fourth St, Los Angeles, USA"
1091,Customer 686,customer.686.71@demo.com,+1-408-965-3589,"355 Second St, Houston, USA"
1047,Customer 280,customer.280.41@sample.com,+1-361-827-9752,"249 Main St, Chicago, USA"
1039,Customer 197,customer.197.4@demo.com,+1-482-467-3951,"857 Main St, Los Angeles, USA"
1018,Customer 550,customer.550.6@demo.com,+1-734-304-3787,"110 Park Ave, New York, USA"
1038,Customer 285,customer.285.59@demo.com,+1-291-288-5107,"327 Third St, Los Angeles, USA"
1051,Customer 74,customer.74.91@example.com,+1-706-546-4715,"343 Main St, Los Angeles, USA"
1069,Customer 106,customer.106.38@example.com,+1-195-314-3241,"231 Fourth St, New York, USA"
1049,Customer 15,customer.15.80@example.com,+1-316-549-4212,"509 Second St, Phoenix, USA"
1087,Customer 825,customer.825.21@sample.com,+1-190-400-7036,"711 Park Ave, Houston, USA"
1098,Customer 986,customer.986.8@demo.com,+1-534-284-9046,"608 Third St, Los Angeles, USA"
1067,Customer 983,customer.983.97@sample.com,+1-699-220-8921,"503 Second St, Los Angeles, USA"
1002,Customer 302,customer.302.87@sample.com,+1-632-247-7900,"240 Main St, Los Angeles, USA"
1079,Customer 69,customer.69.75@example.com,+1-291-312-2623,"804 Third St, Los Angeles, USA"
1082,Customer 928,customer.928.18@demo.com,+1-737-401-1087,"436 Second St, Chicago, USA"
1088,Customer 105,customer.105.1@example.com,+1-111-166-3589,"258 Third St, Los Angeles, USA"
1050,Customer 58,customer.58.72@demo.com,+1-202-460-6543,"809 Main St, Phoenix, USA"
1074,Customer 909,customer.909.1@demo.com,+1-253-562-5864,"485 Park Ave, New York, USA"
1009,Customer 798,customer.798.57@example.com,+1-944-306-5113,"16 Main St, New York, USA"
1057,Customer 683,customer.683.52@sample.com,+1-255-507-8392,"348 Third St, Los Angeles, USA"
1001,Customer 328,customer.328.74@example.com,+1-934-475-4649,"524 Second St, Houston, USA"
1017,Customer 103,customer.103.76@sample.com,+1-626-648-7298,"173 Third St, Chicago, USA"
1043,Customer 446,customer.446.66@example.com,+1-814-635-9546,"292 Fourth St, New York, USA"
1023,Customer 434,customer.434.51@example.com,+1-142-149-1514,"485 Park Ave, Los Angeles, USA"
1063,Customer 559,customer.559.99@example.com,+1-356-972-8701,"458 Main St, Los Angeles, USA"
1081,Customer 644,customer.644.74@demo.com,+1-178-993-8649,"571 Park Ave, Houston, USA"
1057,Customer 471,customer.471.41@example.com,+1-120-356-4600,"864 Fourth St, Los Angeles, USA"
1037,Customer 451,customer.451.73@sample.com,+1-955-362-4360,"768 Fourth St, Houston, USA"
1090,Customer 823,customer.823.36@demo.com,+1-353-382-8227,"177 Park Ave, Phoenix, USA"
1077,Customer 975,customer.975.18@demo.com,+1-755-447-9852,"17 Main St, Chicago, USA"
1086,Customer 461,customer.461.60@demo.com,+1-443-950-9715,"96 Third St, Los Angeles, USA"
1024,Customer 249,customer.249.49@demo.com,+1-562-181-6656,"255 Second St, Chicago, USA"
1019,Customer 549,customer.549.57@example.com,+1-735-688-7023,"791 Third St, Houston, USA"
1094,Customer 314,customer.314.58@example.com,+1-775-481-1608,"899 Third St, Los Angeles, USA"
1056,Customer 409,customer.409.43@demo.com,+1-260-407-4934,"873 Park Ave, Houston, USA"
1085,Customer 615,customer.615.66@example.com,+1-921-506-6965,"572 Park Ave, Chicago, USA"
1097,Customer 277,customer.277.34@demo.com,+1-809-964-1788,"622 Park Ave, Phoenix, USA"
1056,Customer 723,customer.723.36@demo.com,+1-211-274-2987,"907 Main St, Los Angeles, USA"
1088,Customer 407,customer.407.6@demo.com,+1-565-547-6279,"582 Second St, Houston, USA"
1035,Customer 313,customer.313.64@sample.com,+1-707-414-1019,"375 Main St, Chicago, USA"
1099,Customer 934,customer.934.88@sample.com,+1-293-526-1929,"246 Third St, Chicago, USA"
1001,Customer 144,customer.144.56@demo.com,+1-356-823-9291,"700 Second St, Chicago, USA"
1017,Customer 66,customer.66.85@example.com,+1-165-559-3394,"601 Main St, Chicago, USA"
1032,Customer 130,customer.130.25@demo.com,+1-218-481-8089,"516 Fourth St, Houston, USA"
1032,Customer 540,customer.540.8@sample.com,+1-827-951-6776,"407 Second St, Los Angeles, USA"
1061,Customer 741,customer.741.16@example.com,+1-940-329-6479,"98 Fourth St, New York, USA"
1062,Customer 852,customer.852.72@example.com,+1-759-265-3122,"981 Third St, Los Angeles, USA"
1027,Customer 154,customer.154.2@sample.com,+1-734-137-2002,"118 Main St, New York, USA"
1077,Customer 897,customer.897.35@example.com,+1-581-506-4912,"793 Park Ave, Houston, USA"
1017,Customer 811,customer.811.77@sample.com,+1-425-689-1066,"615 Third St, Houston, USA"
1097,Customer 90,customer.90.1@example.com,+1-588-850-2505,"466 Park Ave, New York, USA"
1038,Customer 75,customer.75.69@demo.com,+1-278-494-5971,"742 Main St, Chicago, USA"
1008,Customer 266,customer.266.44@sample.com,+1-156-141-9734,"111 Park Ave, Chicago, USA"
1086,Customer 642,customer.642.45@sample.com,+1-676-233-3246,"621 Third St, Houston, USA"
1012,Customer 59,customer.59.71@example.com,+1-798-304-4085,"404 Park Ave, Houston, USA"
1065,Customer 580,customer.580.32@demo.com,+1-335-376-7125,"329 Second St, Chicago, USA"
1026,Customer 486,customer.486.8@example.com,+1-493-985-3271,"125 Main St, Phoenix, USA"
1053,Customer 877,customer.877.56@example.com,+1-663-537-6352,"776 Second St, Phoenix, USA"
1020,Customer 632,customer.632.46@demo.com,+1-938-454-3894,"323 Park Ave, New York, USA"
1006,Customer 991,customer.991.68@sample.com,+1-645-929-8139,"534 Fourth St, Chicago, USA"
1074,Customer 400,customer.400.71@example.com,+1-398-847-4364,"77 Second St, Los Angeles, USA"
1094,Customer 259,customer.259.90@demo.com,+1-118-130-2234,"617 Fourth St, New York, USA"
1087,Customer 178,customer.178.87@example.com,+1-536-925-7436,"902 Second St, Phoenix, USA"
1100,Customer 406,customer.406.81@demo.com,+1-724-176-2300,"208 Fourth St, Los Angeles, USA"
1003,Customer 914,customer.914.33@demo.com,+1-392-434-5074,"285 Third St, Los Angeles, USA"
1086,Customer 12,customer.12.93@example.com,+1-635-267-3317,"195 Main St, New York, USA"
1051,Customer 268,customer.268.3@sample.com,+1-237-716-8679,"227 Second St, New York, USA"
1096,Customer 979,customer.979.90@sample.com,+1-642-772-9918,"593 Park Ave, New York, USA"
1014,Customer 868,customer.868.86@example.com,+1-948-694-7846,"884 Fourth St, Los Angeles, USA"
1062,Customer 239,customer.239.57@sample.com,+1-513-626-5526,"266 Park Ave, Chicago, USA"
1062,Customer 261,customer.261.68@sample.com,+1-213-603-2952,"394 Second St, Chicago, USA"
1068,Customer 274,customer.274.78@sample.com,+1-376-872-9098,"638 Main St, Los Angeles, USA"
1056,Customer 942,customer.942.90@sample.com,+1-598-329-6376,"218 Park Ave, Houston, USA"
1036,Customer 422,customer.422.15@example.com,+1-498-682-8660,"554 Second St, Phoenix, USA"
1003,Customer 747,customer.747.72@demo.com,+1-436-770-9974,"818 Second St, Chicago, USA"
1013,Customer 300,customer.300.10@demo.com,+1-580-826-3314,"214 Second St, New York, USA"
1019,Customer 616,customer.616.39@sample.com,+1-433-119-7348,"360 Park Ave, Houston, USA"
1004,Customer 98,customer.98.91@demo.com,+1-984-448-4051,"662 Park Ave, Phoenix, USA"
1055,Customer 761,customer.761.72@example.com,+1-117-163-4945,"571 Fourth St, Chicago, USA"
1077,Customer 16,customer.16.3@sample.com,+1-260-131-6943,"142 Second St, Houston, USA"
1068,Customer 601,customer.601.16@sample.com,+1-915-893-9382,"205 Park Ave, Chicago, USA"
1038,Customer 673,customer.673.61@demo.com,+1-392-820-5022,"949 Third St, Houston, USA"
1048,Customer 1000,customer.1000.7@demo.com,+1-462-720-8219,"443 Second St, Los Angeles, USA"
1010,Customer 786,customer.786.43@sample.com,+1-700-688-2671,"974 Main St, Phoenix, USA"
1059,Customer 184,customer.184.38@example.com,+1-615-939-8103,"162 Main St, Houston, USA"
1087,Customer 572,customer.572.29@sample.com,+1-359-775-7732,"805 Main St, Chicago, USA"
1047,Customer 157,customer.157.52@example.com,+1-493-751-2617,"8 Second St, New York, USA"
1076,Customer 447,customer.447.9@demo.com,+1-570-204-2345,"212 Park Ave, Houston, USA"
1063,Customer 907,customer.907.71@demo.com,+1-477-475-6020,"448 Main St, Houston, USA"
1006,Customer 292,customer.292.77@sample.com,+1-206-138-7724,"357 Fourth St, Phoenix, USA"
1095,Customer 805,customer.805.94@demo.com,+1-273-942-9396,"18 Main St, Chicago, USA"
1019,Customer 275,customer.275.39@example.com,+1-440-551-8160,"280 Main St, Houston, USA"
1001,Customer 739,customer.739.97@demo.com,+1-211-960-2705,"188 Park Ave, Phoenix, USA"
1060,Customer 338,customer.338.74@sample.com,+1-357-627-2373,"600 Second St, Los Angeles, USA"
1098,Customer 77,customer.77.86@demo.com,+1-768-184-3504,"876 Second St, Chicago, USA"
1026,Customer 222,customer.222.98@demo.com,+1-194-855-6054,"700 Second St, Phoenix, USA"
1049,Customer 519,customer.519.70@sample.com,+1-925-226-8454,"723 Third St, New York, USA"
1054,Customer 918,customer.918.53@demo.com,+1-954-313-1942,"368 Fourth St, Houston, USA"
1067,Customer 127,customer.127.34@example.com,+1-853-459-6448,"168 Main St, Los Angeles, USA"
1010,Customer 209,customer.209.91@example.com,+1-226-923-7661,"179 Main St, Los Angeles, USA"
1059,Customer 647,customer.647.98@sample.com,+1-582-935-7315,"169 Third St, Los Angeles, USA"
1026,Customer 424,customer.424.85@sample.com,+1-679-889-9491,"867 Second St, Houston, USA"
1075,Customer 118,customer.118.23@demo.com,+1-889-637-5053,"905 Park Ave, New York, USA"
1099,Customer 839,customer.839.8@demo.com,+1-220-233-5815,"642 Park Ave, Los Angeles, USA"
1100,Customer 288,customer.288.76@demo.com,+1-416-308-6666,"698 Third St, New York, USA"
1065,Customer 304,customer.304.48@sample.com,+1-851-843-9433,"748 Third St, Houston, USA"
1026,Customer 733,customer.733.95@demo.com,+1-829-327-2314,"15 Third St, Houston, USA"
1072,Customer 52,customer.52.91@demo.com,+1-737-574-6444,"790 Fourth St, New York, USA"
1044,Customer 298,customer.298.93@sample.com,+1-123-320-2983,"786 Park Ave, Houston, USA"
1073,Customer 736,customer.736.56@sample.com,+1-400-298-5583,"999 Fourth St, Chicago, USA"
1018,Customer 809,customer.809.14@demo.com,+1-181-617-2607,"852 Fourth St, New York, USA"
1001,Customer 623,customer.623.60@sample.com,+1-928-781-5224,"751 Second St, Los Angeles, USA"
1029,Customer 411,customer.411.39@demo.com,+1-834-877-4379,"871 Third St, Chicago, USA"
1080,Customer 765,customer.765.40@sample.com,+1-574-931-6364,"440 Fourth St, Houston, USA"
1059,Customer 999,customer.999.45@sample.com,+1-740-857-5094,"566 Third St, Houston, USA"
1089,Customer 740,customer.740.61@example.com,+1-617-296-3506,"438 Main St, Houston, USA"
1060,Customer 445,customer.445.95@example.com,+1-813-421-9535,"804 Second St, Chicago, USA"
1040,Customer 687,customer.687.89@demo.com,+1-108-269-4239,"80 Park Ave, Houston, USA"
1094,Customer 240,customer.240.52@sample.com,+1-478-994-7571,"955 Third St, Phoenix, USA"
1037,Customer 342,customer.342.94@sample.com,+1-280-802-8142,"392 Second St, Houston, USA"
1095,Customer 117,customer.117.61@demo.com,+1-893-510-1677,"305 Third St, Phoenix, USA"
1082,Customer 496,customer.496.40@example.com,+1-885-254-6691,"853 Fourth St, New York, USA"
1049,Customer 316,customer.316.39@example.com,+1-704-702-4716,"186 Park Ave, New York, USA"
1056,Customer 537,customer.537.80@example.com,+1-601-232-7196,"226 Third St, Los Angeles, USA"
1019,Customer 753,customer.753.40@demo.com,+1-739-432-4439,"507 Third St, Los Angeles, USA"
1013,Customer 832,customer.832.83@example.com,+1-479-630-1331,"138 Second St, Houston, USA"
1024,Customer 505,customer.505.7@example.com,+1-958-948-4574,"2 Fourth St, New York, USA"
1078,Customer 39,customer.39.96@example.com,+1-407-825-4044,"336 Main St, Houston, USA"
1034,Customer 570,customer.570.12@example.com,+1-113-198-9448,"596 Third St, Los Angeles, USA"
1035,Customer 488,customer.488.7@sample.com,+1-823-911-3600,"2 Third St, New York, USA"
1009,Customer 323,customer.323.99@sample.com,+1-194-885-4194,"364 Main St, Houston, USA"
1010,Customer 297,customer.297.58@example.com,+1-736-800-2540,"600 Fourth St, Phoenix, USA"
1093,Customer 981,customer.981.47@demo.com,+1-548-909-6999,"962 Third St, Phoenix, USA"
1063,Customer 892,customer.892.19@demo.com,+1-557-976-7172,"397 Main St, Los Angeles, USA"
1029,Customer 388,customer.388.20@example.com,+1-535-126-4114,"426 Third St, New York, USA"
1065,Customer 703,customer.703.68@example.com,+1-438-910-6916,"76 Park Ave, Phoenix, USA"
1052,Customer 408,customer.408.75@example.com,+1-591-412-3039,"231 Second St, Chicago, USA"
1055,Customer 393,customer.393.42@example.com,+1-507-556-6563,"832 Park Ave, Los Angeles, USA"
1018,Customer 668,customer.668.64@sample.com,+1-846-302-8973,"297 Main St, Chicago, USA"
1098,Customer 224,customer.224.63@example.com,+1-772-170-1663,"210 Third St, Phoenix, USA"
1074,Customer 35,customer.35.22@sample.com,+1-637-558-7679,"219 Third St, Los Angeles, USA"
1008,Customer 562,customer.562.95@example.com,+1-489-601-3808,"670 Fourth St, Los Angeles, USA"
1064,Customer 284,customer.284.42@demo.com,+1-916-173-3758,"335 Fourth St, New York, USA"
1029,Customer 619,customer.619.88@demo.com,+1-267-467-1535,"271 Third St, Houston, USA"
1095,Customer 769,customer.769.25@example.com,+1-630-492-3448,"302 Park Ave, New York, USA"
1009,Customer 922,customer.922.88@demo.com,+1-457-803-9839,"792 Third St, Los Angeles, USA"
1055,Customer 838,customer.838.17@example.com,+1-313-842-9697,"585 Second St, Chicago, USA"
1051,Customer 503,customer.503.11@sample.com,+1-674-489-2381,"211 Second St, Houston, USA"
1057,Customer 485,customer.485.25@example.com,+1-306-663-1378,"576 Second St, Chicago, USA"
1027,Customer 386,customer.386.66@sample.com,+1-108-918-4680,"47 Park Ave, Los Angeles, USA"
1063,Customer 161,customer.161.83@demo.com,+1-628-940-6279,"309 Second St, Chicago, USA"
1013,Customer 533,customer.533.82@sample.com,+1-621-300-8513,"826 Park Ave, Houston, USA"
1032,Customer 846,customer.846.54@sample.com,+1-972-382-6435,"463 Main St, Los Angeles, USA"
1026,Customer 156,customer.156.81@sample.com,+1-932-166-8017,"907 Main St, Houston, USA"
1087,Customer 664,customer.664.10@demo.com,+1-253-336-2244,"654 Second St, Phoenix, USA"
1015,Customer 827,customer.827.24@sample.com,+1-555-630-6147,"96 Second St, Chicago, USA"
1051,Customer 85,customer.85.48@sample.com,+1-617-419-8398,"878 Fourth St, Houston, USA"
1007,Customer 186,customer.186.45@demo.com,+1-317-846-5852,"924 Fourth St, Chicago, USA"
1098,Customer 910,customer.910.7@example.com,+1-255-724-7381,"515 Park Ave, Chicago, USA"
1068,Customer 208,customer.208.6@demo.com,+1-892-972-7659,"517 Second St, Los Angeles, USA"
1079,Customer 92,customer.92.53@demo.com,+1-688-270-4477,"997 Second St, Chicago, USA"
1050,Customer 293,customer.293.62@sample.com,+1-279-111-2149,"657 Second St, New York, USA"
1059,Customer 810,customer.810.66@demo.com,+1-706-915-6074,"570 Main St, Houston, USA"
1098,Customer 87,customer.87.89@sample.com,+1-255-729-3899,"782 Main St, Los Angeles, USA"
1098,Customer 959,customer.959.52@demo.com,+1-714-644-4044,"948 Second St, New York, USA"
1031,Customer 454,customer.454.16@example.com,+1-785-996-9814,"90 Second St, Los Angeles, USA"
1098,Customer 751,customer.751.41@sample.com,+1-528-639-8985,"13 Main St, Chicago, USA"
1042,Customer 218,customer.218.73@sample.com,+1-599-192-8177,"270 Fourth St, Houston, USA"
1092,Customer 138,customer.138.37@example.com,+1-322-963-5625,"819 Fourth St, Houston, USA"
1006,Customer 251,customer.251.99@sample.com,+1-323-683-4139,"854 Third St, Chicago, USA"
1097,Customer 444,customer.444.23@sample.com,+1-701-789-5752,"475 Third St, Chicago, USA"
1084,Customer 861,customer.861.24@sample.com,+1-780-851-7315,"241 Park Ave, New York, USA"
1049,Customer 523,customer.523.76@demo.com,+1-723-831-7387,"616 Park Ave, Los Angeles, USA"
1067,Customer 210,customer.210.75@demo.com,+1-228-610-9614,"604 Fourth St, Los Angeles, USA"
1079,Customer 264,customer.264.55@demo.com,+1-341-474-5234,"562 Second St, Phoenix, USA"
1025,Customer 677,customer.677.54@sample.com,+1-701-638-8048,"184 Third St, Phoenix, USA"
1026,Customer 182,customer.182.43@example.com,+1-284-605-5741,"462 Park Ave, Phoenix, USA"
1039,Customer 849,customer.849.76@example.com,+1-952-561-1116,"74 Second St, Houston, USA"
1068,Customer 416,customer.416.85@example.com,+1-128-973-6751,"360 Main St, New York, USA"
1049,Customer 865,customer.865.87@demo.com,+1-582-231-4593,"663 Fourth St, Los Angeles, USA"
1042,Customer 951,customer.951.29@demo.com,+1-936-234-7668,"377 Second St, Chicago, USA"
1046,Customer 437,customer.437.54@example.com,+1-301-306-1414,"47 Third St, Los Angeles, USA"
1051,Customer 456,customer.456.29@sample.com,+1-730-424-4299,"408 Park Ave, Phoenix, USA"
1060,Customer 332,customer.332.91@sample.com,+1-289-901-1737,"449 Third St, Houston, USA"
1005,Customer 343,customer.343.11@demo.com,+1-750-177-8028,"826 Park Ave, Phoenix, USA"
1012,Customer 763,customer.763.28@sample.com,+1-116-542-1140,"284 Second St, Chicago, USA"
1055,Customer 824,customer.824.68@sample.com,+1-217-522-9722,"739 Park Ave, Phoenix, USA"
1004,Customer 121,customer.121.3@example.com,+1-782-879-1209,"366 Fourth St, Houston, USA"
1012,Customer 631,customer.631.7@demo.com,+1-710-922-2854,"426 Park Ave, Houston, USA"
1043,Customer 821,customer.821.69@demo.com,+1-971-423-7303,"712 Third St, Phoenix, USA"
1051,Customer 42,customer.42.70@demo.com,+1-403-161-2210,"532 Third St, Chicago, USA"
1003,Customer 57,customer.57.32@sample.com,+1-737-151-9083,"976 Fourth St, New York, USA"
1085,Customer 681,customer.681.78@sample.com,+1-500-883-6129,"592 Second St, Chicago, USA"
1033,Customer 511,customer.511.37@demo.com,+1-130-346-2120,"353 Park Ave, Phoenix, USA"
1070,Customer 143,customer.143.89@example.com,+1-228-440-3857,"776 Second St, New York, USA"
1006,Customer 685,customer.685.74@sample.com,+1-653-495-6253,"953 Fourth St, Houston, USA"
1010,Customer 294,customer.294.10@example.com,+1-162-943-4153,"918 Third St, Los Angeles, USA"
1056,Customer 123,customer.123.62@demo.com,+1-994-953-9818,"560 Main St, Los Angeles, USA"
1002,Customer 419,customer.419.22@sample.com,+1-741-623-9951,"394 Second St, Houston, USA"
1040,Customer 737,customer.737.17@sample.com,+1-205-500-8872,"417 Third St, Houston, USA"
1037,Customer 634,customer.634.14@example.com,+1-993-330-2681,"223 Third St, Houston, USA"
1051,Customer 536,customer.536.65@demo.com,+1-745-320-5012,"555 Third St, New York, USA"
1015,Customer 382,customer.382.32@demo.com,+1-691-986-7176,"293 Main St, Phoenix, USA"
1014,Customer 939,customer.939.45@example.com,+1-803-496-9987,"659 Second St, Chicago, USA"
1062,Customer 929,customer.929.67@demo.com,+1-316-672-1178,"252 Third St, Chicago, USA"
1035,Customer 926,customer.926.8@demo.com,+1-659-400-1479,"835 Park Ave, Phoenix, USA"
1084,Customer 253,customer.253.78@example.com,+1-442-693-6852,"585 Park Ave, Houston, USA"
1085,Customer 696,customer.696.77@demo.com,+1-491-427-2238,"829 Fourth St, Houston, USA"
1036,Customer 248,customer.248.96@sample.com,+1-800-173-2028,"632 Main St, Los Angeles, USA"
1048,Customer 799,customer.799.88@demo.com,+1-202-681-8798,"739 Main St, New York, USA"
1005,Customer 633,customer.633.76@demo.com,+1-428-658-3896,"584 Second St, Los Angeles, USA"
1090,Customer 491,customer.491.41@demo.com,+1-663-681-1958,"971 Park Ave, Los Angeles, USA"
1032,Customer 357,customer.357.67@demo.com,+1-873-449-7436,"858 Third St, New York, USA"
1078,Customer 597,customer.597.73@demo.com,+1-587-990-3626,"731 Park Ave, Chicago, USA"
1007,Customer 794,customer.794.29@sample.com,+1-970-440-8825,"357 Fourth St, New York, USA"
1053,Customer 30,customer.30.49@sample.com,+1-582-803-2176,"121 Second St, New York, USA"
1047,Customer 435,customer.435.63@demo.com,+1-843-830-5671,"733 Park Ave, Los Angeles, USA"
1008,Customer 168,customer.168.92@example.com,+1-230-369-7059,"622 Fourth St, Houston, USA"
1005,Customer 917,customer.917.71@sample.com,+1-395-674-9654,"415 Fourth St, Chicago, USA"
1082,Customer 609,customer.609.83@sample.com,+1-402-133-1361,"531 Third St, New York, USA"
1066,Customer 734,customer.734.67@sample.com,+1-521-166-9290,"546 Fourth St, Chicago, USA"
1077,Customer 44,customer.44.39@demo.com,+1-826-901-5349,"664 Main St, Houston, USA"
1005,Customer 271,customer.271.56@example.com,+1-863-114-7369,"494 Main St, Chicago, USA"
1074,Customer 611,customer.611.28@example.com,+1-407-746-5443,"911 Third St, Los Angeles, USA"
1031,Customer 246,customer.246.36@example.com,+1-456-499-7222,"539 Main St, Phoenix, USA"
1096,Customer 126,customer.126.59@demo.com,+1-215-699-2853,"194 Third St, Los Angeles, USA"
1090,Customer 176,customer.176.2@demo.com,+1-482-487-9276,"836 Park Ave, Houston, USA"
1088,Customer 91,customer.91.77@sample.com,+1-343-680-2010,"481 Second St, Chicago, USA"
1075,Customer 73,customer.73.51@demo.com,+1-980-725-8617,"977 Park Ave, New York, USA"
1058,Customer 661,customer.661.18@demo.com,+1-262-374-9909,"956 Second St, Chicago, USA"
1040,Customer 548,customer.548.51@demo.com,+1-150-408-6153,"329 Second St, Phoenix, USA"
1088,Customer 992,customer.992.50@example.com,+1-886-526-2732,"912 Third St, Houston, USA"
1055,Customer 22,customer.22.69@example.com,+1-996-964-1398,"375 Third St, Chicago, USA"
1015,Customer 363,customer.363.48@sample.com,+1-480-622-9741,"483 Second St, Los Angeles, USA"
1028,Customer 177,customer.177.3@demo.com,+1-609-825-3674,"973 Park Ave, Houston, USA"
1073,Customer 879,customer.879.98@demo.com,+1-313-938-2853,"197 Second St, Los Angeles, USA"
1021,Customer 21,customer.21.59@demo.com,+1-892-378-1442,"340 Park Ave, Chicago, USA"
1042,Customer 380,customer.380.99@sample.com,+1-765-181-6176,"328 Park Ave, Houston, USA"
1019,Customer 993,customer.993.38@sample.com,+1-802-320-6111,"367 Main St, Los Angeles, USA"
1032,Customer 785,customer.785.86@example.com,+1-749-505-8911,"54 Fourth St, Chicago, USA"
1024,Customer 720,customer.720.28@example.com,+1-632-621-3872,"583 Second St, Houston, USA"
1010,Customer 692,customer.692.37@example.com,+1-116-677-6479,"473 Main St, Houston, USA"
1022,Customer 721,customer.721.60@example.com,+1-252-411-6413,"881 Park Ave, Phoenix, USA"
1016,Customer 600,customer.600.37@demo.com,+1-391-888-9053,"777 Park Ave, Houston, USA"
1033,Customer 394,customer.394.7@sample.com,+1-364-759-7327,"415 Third St, Los Angeles, USA"
1054,Customer 474,customer.474.37@example.com,+1-901-361-6748,"667 Second St, Los Angeles, USA"
1088,Customer 766,customer.766.29@sample.com,+1-549-901-5446,"633 Third St, Chicago, USA"
1020,Customer 924,customer.924.37@example.com,+1-245-958-2375,"147 Fourth St, Phoenix, USA"
1060,Customer 970,customer.970.61@sample.com,+1-694-961-1399,"364 Fourth St, Houston, USA"
1028,Customer 517,customer.517.80@sample.com,+1-828-562-7171,"401 Fourth St, New York, USA"
1093,Customer 334,customer.334.18@demo.com,+1-917-508-1339,"861 Second St, Chicago, USA"
1079,Customer 83,customer.83.95@demo.com,+1-224-114-1629,"428 Main St, Houston, USA"
1003,Customer 866,customer.866.32@sample.com,+1-662-960-1293,"143 Third St, Los Angeles, USA"
1092,Customer 996,customer.996.58@sample.com,+1-605-157-8994,"298 Main St, New York, USA"
1073,Customer 480,customer.480.19@demo.com,+1-314-350-7359,"12 Third St, Houston, USA"
1017,Customer 307,customer.307.77@sample.com,+1-514-115-4368,"237 Fourth St, Los Angeles, USA"
1097,Customer 360,customer.360.8@demo.com,+1-812-504-2918,"340 Main St, New York, USA"
1054,Customer 61,customer.61.31@sample.com,+1-565-403-8772,"48 Second St, Los Angeles, USA"
1074,Customer 196,customer.196.37@example.com,+1-801-283-3064,"336 Third St, Houston, USA"
1073,Customer 306,customer.306.7@sample.com,+1-477-487-3256,"551 Park Ave, Houston, USA"
1061,Customer 140,customer.140.7@sample.com,+1-753-235-9129,"425 Fourth St, Los Angeles, USA"
1067,Customer 588,customer.588.58@sample.com,+1-236-962-8622,"744 Park Ave, Los Angeles, USA"
1025,Customer 506,customer.506.48@demo.com,+1-757-672-4191,"550 Fourth St, New York, USA"
1002,Customer 299,customer.299.40@demo.com,+1-414-393-6796,"652 Main St, New York, USA"
1015,Customer 192,customer.192.37@sample.com,+1-672-661-9313,"145 Second St, Houston, USA"
1090,Customer 201,customer.201.72@demo.com,+1-199-984-7581,"944 Second St, Los Angeles, USA"
1071,Customer 900,customer.900.7@sample.com,+1-870-945-6617,"739 Park Ave, Phoenix, USA"
1063,Customer 362,customer.362.20@sample.com,+1-781-494-4048,"995 Park Ave, Phoenix, USA"
1051,Customer 373,customer.373.35@example.com,+1-603-374-7322,"930 Park Ave, Phoenix, USA"
1085,Customer 669,customer.669.9@demo.com,+1-547-594-7827,"240 Second St, Phoenix, USA"
1026,Customer 273,customer.273.55@sample.com,+1-592-418-2242,"164 Third St, Chicago, USA"
1005,Customer 862,customer.862.28@demo.com,+1-934-417-1854,"803 Fourth St, Los Angeles, USA"
1098,Customer 898,customer.898.89@sample.com,+1-608-968-2421,"749 Second St, Chicago, USA"
1014,Customer 183,customer.183.36@demo.com,+1-788-633-4787,"3 Third St, Phoenix, USA"
1069,Customer 317,customer.317.41@example.com,+1-222-539-6022,"386 Second St, New York, USA"
1001,Customer 167,customer.167.97@example.com,+1-621-469-5896,"576 Second St, Phoenix, USA"
1005,Customer 1,customer.1.1@sample.com,+1-296-932-7189,"745 Main St, Los Angeles, USA"
1030,Customer 82,customer.82.78@sample.com,+1-870-106-3954,"38 Park Ave, Los Angeles, USA"
1059,Customer 998,customer.998.87@example.com,+1-185-203-1204,"30 Fourth St, Houston, USA"
1026,Customer 707,customer.707.31@example.com,+1-486-890-6578,"711 Second St, New York, USA"
1063,Customer 305,customer.305.87@sample.com,+1-801-840-7209,"566 Fourth St, Phoenix, USA"
1028,Customer 195,customer.195.81@sample.com,+1-690-444-2361,"169 Second St, Chicago, USA"
1040,Customer 977,customer.977.70@example.com,+1-479-798-8285,"759 Fourth St, Chicago, USA"
1098,Customer 718,customer.718.34@example.com,+1-980-410-4446,"144 Second St, New York, USA"
1039,Customer 53,customer.53.11@example.com,+1-455-189-6161,"947 Second St, Houston, USA"
1096,Customer 532,customer.532.56@demo.com,+1-956-467-7639,"587 Main St, Los Angeles, USA"
1053,Customer 32,customer.32.4@example.com,+1-248-287-8820,"934 Park Ave, Phoenix, USA"
1005,Customer 399,customer.399.84@sample.com,+1-496-183-5835,"105 Main St, Phoenix, USA"
1017,Customer 758,customer.758.49@sample.com,+1-285-626-9168,"924 Park Ave, Los Angeles, USA"
1098,Customer 731,customer.731.77@demo.com,+1-144-757-4759,"225 Second St, Houston, USA"
1099,Customer 808,customer.808.25@demo.com,+1-164-216-4747,"450 Third St, Chicago, USA"
1055,Customer 115,customer.115.61@sample.com,+1-237-556-7966,"76 Fourth St, Houston, USA"
1033,Customer 834,customer.834.6@sample.com,+1-188-703-9233,"3 Third St, Houston, USA"
1051,Customer 749,customer.749.17@example.com,+1-746-885-8735,"559 Main St, Chicago, USA"
1095,Customer 606,customer.606.70@demo.com,+1-987-604-2264,"437 Fourth St, Phoenix, USA"
1045,Customer 153,customer.153.44@sample.com,+1-284-621-2248,"561 Third St, New York, USA"
1062,Customer 238,customer.238.53@sample.com,+1-552-251-5911,"904 Main St, Los Angeles, USA"
1072,Customer 335,customer.335.13@example.com,+1-252-664-4051,"319 Main St, Phoenix, USA"
1045,Customer 978,customer.978.79@demo.com,+1-511-455-3301,"946 Second St, Los Angeles, USA"
1003,Customer 29,customer.29.54@example.com,+1-574-952-6582,"463 Park Ave, Houston, USA"
1013,Customer 440,customer.440.19@demo.com,+1-468-591-6465,"699 Fourth St, Chicago, USA"
1045,Customer 418,customer.418.45@demo.com,+1-227-866-6885,"828 Main St, Chicago, USA"
1054,Customer 587,customer.587.17@example.com,+1-355-330-4568,"60 Third St, Chicago, USA"
1044,Customer 270,customer.270.75@example.com,+1-226-364-2735,"392 Third St, Chicago, USA"
1066,Customer 837,customer.837.21@example.com,+1-206-210-8444,"292 Second St, Houston, USA"
1007,Customer 577,customer.577.33@demo.com,+1-377-211-4544,"696 Second St, Houston, USA"
1086,Customer 158,customer.158.99@sample.com,+1-669-760-6524,"431 Fourth St, Phoenix, USA"
1092,Customer 453,customer.453.82@sample.com,+1-653-449-2223,"54 Main St, Phoenix, USA"
1064,Customer 333,customer.333.57@demo.com,+1-857-667-2299,"669 Main St, Phoenix, USA"
1088,Customer 894,customer.894.99@example.com,+1-382-578-2002,"190 Main St, Houston, USA"
1078,Customer 345,customer.345.90@demo.com,+1-416-210-6970,"988 Main St, Los Angeles, USA"
1041,Customer 487,customer.487.62@sample.com,+1-122-756-1109,"859 Main St, Houston, USA"
1025,Customer 656,customer.656.34@example.com,+1-466-797-2310,"441 Second St, Phoenix, USA"
1095,Customer 250,customer.250.26@sample.com,+1-875-504-2878,"664 Main St, Chicago, USA"
1008,Customer 412,customer.412.80@sample.com,+1-645-470-5077,"699 Third St, Houston, USA"
1060,Customer 816,customer.816.55@sample.com,+1-162-396-1771,"453 Fourth St, Los Angeles, USA"
1054,Customer 702,customer.702.30@sample.com,+1-130-713-1098,"438 Fourth St, Houston, USA"
1018,Customer 4,customer.4.99@sample.com,+1-756-713-6966,"383 Park Ave, Houston, USA"
